combo,sn_forma,feo_forma,estado_id,orden,q_avance,C_hist,C_p5,C_p95,C_opt,interior,J_hist_aprox,J_opt
F0+G0,F0,G0,0,0,0.25,66.13052374726982,48.855764194260715,66.18783296974756,66.18783296974756,False,1023.3431059904635,1023.3431059904635
F0+G1,F0,G1,0,0,0.25,66.13052374726982,48.855764194260715,66.18783296974756,66.18783296974756,False,1023.3431062719949,1023.3431062719949
F0+G2,F0,G2,0,0,0.25,66.13052374726982,48.855764194260715,66.18783296974756,66.18783296974756,False,1023.3431067645665,1023.3431067645665
F2+G0,F2,G0,0,0,0.25,66.13052374726982,48.855764194260715,66.18783296974756,48.855764194260715,False,975.3828864191257,992.0805116363074
F2+G1,F2,G1,0,0,0.25,66.13052374726982,48.855764194260715,66.18783296974756,48.855764194260715,False,975.3828867006571,992.080509503556
F2+G2,F2,G2,0,0,0.25,66.13052374726982,48.855764194260715,66.18783296974756,48.855764194260715,False,975.382887193229,992.0805099961276
F3+G0,F3,G0,0,0,0.25,66.13052374726982,48.855764194260715,66.18783296974756,48.855764194260715,False,981.253778651725,991.377665376958
F3+G1,F3,G1,0,0,0.25,66.13052374726982,48.855764194260715,66.18783296974756,48.855764194260715,False,981.2537789332566,991.3776632442064
F3+G2,F3,G2,0,0,0.25,66.13052374726982,48.855764194260715,66.18783296974756,48.855764194260715,False,981.2537794258283,991.3776637367782
F4+G0,F4,G0,0,0,0.25,66.13052374726982,48.855764194260715,66.18783296974756,48.855764194260715,False,984.062306680943,988.7764418248289
F4+G1,F4,G1,0,0,0.25,66.13052374726982,48.855764194260715,66.18783296974756,48.855764194260715,False,984.0623069624744,988.7764396920772
F4+G2,F4,G2,0,0,0.25,66.13052374726982,48.855764194260715,66.18783296974756,48.855764194260715,False,984.062307455046,988.7764401846491
F0+G0,F0,G0,1,0,0.5,63.00670914188507,48.855764194260715,66.18783296974756,66.18783296974756,False,1278.3657606576091,1302.1654389034293
F0+G1,F0,G1,1,0,0.5,63.00670914188507,48.855764194260715,66.18783296974756,66.18783296974756,False,1278.3657609423117,1302.1654396214649
F0+G2,F0,G2,1,0,0.5,63.00670914188507,48.855764194260715,66.18783296974756,66.18783296974756,False,1278.3657606968484,1302.1654393760016
F2+G0,F2,G0,1,0,0.5,63.00670914188507,48.855764194260715,66.18783296974756,48.855764194260715,False,1284.9993595609228,1297.6156699297824
F2+G1,F2,G1,1,0,0.5,63.00670914188507,48.855764194260715,66.18783296974756,48.855764194260715,False,1284.9993598456256,1297.615668233535
F2+G2,F2,G2,1,0,0.5,63.00670914188507,48.855764194260715,66.18783296974756,48.855764194260715,False,1284.999359600162,1297.6156679880717
F3+G0,F3,G0,1,0,0.5,63.00670914188507,48.855764194260715,66.18783296974756,48.855764194260715,False,1285.667361453214,1292.2629576694671
F3+G1,F3,G1,1,0,0.5,63.00670914188507,48.855764194260715,66.18783296974756,48.855764194260715,False,1285.6673617379165,1292.2629559732197
F3+G2,F3,G2,1,0,0.5,63.00670914188507,48.855764194260715,66.18783296974756,48.855764194260715,False,1285.6673614924532,1292.2629557277564
F4+G0,F4,G0,1,0,0.5,63.00670914188507,48.855764194260715,66.18783296974756,48.855764194260715,False,1285.7646422361163,1289.2189386898483
F4+G1,F4,G1,1,0,0.5,63.00670914188507,48.855764194260715,66.18783296974756,48.855764194260715,False,1285.764642520819,1289.218936993601
F4+G2,F4,G2,1,0,0.5,63.00670914188507,48.855764194260715,66.18783296974756,48.855764194260715,False,1285.7646422753558,1289.2189367481376
F0+G0,F0,G0,2,0,0.75,58.868734408394495,48.855764194260715,66.18783296974756,66.18783296974756,False,1015.227511138501,1057.592879409015
F0+G1,F0,G1,2,0,0.75,58.868734408394495,48.855764194260715,66.18783296974756,66.18783296974756,False,1015.227510903598,1057.5928801645873
F0+G2,F0,G2,2,0,0.75,58.868734408394495,48.855764194260715,66.18783296974756,66.18783296974756,False,1015.2275109105052,1057.5928801714942
F2+G0,F2,G0,2,0,0.75,58.868734408394495,48.855764194260715,66.18783296974756,48.855764194260715,False,1021.2628518515008,1029.1758017628424
F2+G1,F2,G1,2,0,0.75,58.868734408394495,48.855764194260715,66.18783296974756,48.855764194260715,False,1021.2628516165979,1029.175800104132
F2+G2,F2,G2,2,0,0.75,58.868734408394495,48.855764194260715,66.18783296974756,48.855764194260715,False,1021.2628516235051,1029.1758001110388
F3+G0,F3,G0,2,0,0.75,58.868734408394495,48.855764194260715,66.18783296974756,48.855764194260715,False,1016.7449666861788,1019.7210220281954
F3+G1,F3,G1,2,0,0.75,58.868734408394495,48.855764194260715,66.18783296974756,48.855764194260715,False,1016.7449664512761,1019.7210203694847
F3+G2,F3,G2,2,0,0.75,58.868734408394495,48.855764194260715,66.18783296974756,48.855764194260715,False,1016.7449664581831,1019.7210203763918
F4+G0,F4,G0,2,0,0.75,58.868734408394495,48.855764194260715,66.18783296974756,48.855764194260715,False,1023.5244164403272,1025.5325909412693
F4+G1,F4,G1,2,0,0.75,58.868734408394495,48.855764194260715,66.18783296974756,48.855764194260715,False,1023.5244162054245,1025.5325892825588
F4+G2,F4,G2,2,0,0.75,58.868734408394495,48.855764194260715,66.18783296974756,48.855764194260715,False,1023.5244162123314,1025.5325892894657
F0+G0,F0,G0,3,1,0.25,19.181326059194713,20.15412033081055,42.052539756481465,42.052539756481465,False,229.5254970858496,244.5116018884837
F0+G1,F0,G1,3,1,0.25,19.181326059194713,20.15412033081055,42.052539756481465,42.052539756481465,False,229.52549935226764,244.51159989886173
F0+G2,F0,G2,3,1,0.25,19.181326059194713,20.15412033081055,42.052539756481465,42.052539756481465,False,229.52549588973682,244.5116037427199
F2+G0,F2,G0,3,1,0.25,19.181326059194713,20.15412033081055,42.052539756481465,42.052539756481465,False,239.459059297368,261.35598721754735
F2+G1,F2,G1,3,1,0.25,19.181326059194713,20.15412033081055,42.052539756481465,42.052539756481465,False,239.45906156378604,261.3559852279254
F2+G2,F2,G2,3,1,0.25,19.181326059194713,20.15412033081055,42.052539756481465,42.052539756481465,False,239.45905810125518,261.3559890717835
F3+G0,F3,G0,3,1,0.25,19.181326059194713,20.15412033081055,42.052539756481465,42.052539756481465,False,237.46214701523533,279.40085454730297
F3+G1,F3,G1,3,1,0.25,19.181326059194713,20.15412033081055,42.052539756481465,42.052539756481465,False,237.46214928165338,279.40085255768105
F3+G2,F3,G2,3,1,0.25,19.181326059194713,20.15412033081055,42.052539756481465,42.052539756481465,False,237.46214581912258,279.40085640153916
F4+G0,F4,G0,3,1,0.25,19.181326059194713,20.15412033081055,42.052539756481465,42.052539756481465,False,215.67723043939688,241.96090070803228
F4+G1,F4,G1,3,1,0.25,19.181326059194713,20.15412033081055,42.052539756481465,42.052539756481465,False,215.67723270581493,241.96089871841036
F4+G2,F4,G2,3,1,0.25,19.181326059194713,20.15412033081055,42.052539756481465,42.052539756481465,False,215.6772292432841,241.96090256226847
F0+G0,F0,G0,4,1,0.5,28.131135128705928,20.15412033081055,42.052539756481465,42.052539756481465,False,677.5527320242076,682.5614630212812
F0+G1,F0,G1,4,1,0.5,28.131135128705928,20.15412033081055,42.052539756481465,42.052539756481465,False,677.5527328341991,682.5614611030419
F0+G2,F0,G2,4,1,0.5,28.131135128705928,20.15412033081055,42.052539756481465,42.052539756481465,False,677.5527315330977,682.5614644855231
F2+G0,F2,G0,4,1,0.5,28.131135128705928,20.15412033081055,42.052539756481465,42.052539756481465,False,683.9110642279124,701.307793913564
F2+G1,F2,G1,4,1,0.5,28.131135128705928,20.15412033081055,42.052539756481465,42.052539756481465,False,683.911065037904,701.3077919953247
F2+G2,F2,G2,4,1,0.5,28.131135128705928,20.15412033081055,42.052539756481465,42.052539756481465,False,683.9110637368026,701.3077953778057
F3+G0,F3,G0,4,1,0.5,28.131135128705928,20.15412033081055,42.052539756481465,42.052539756481465,False,680.5027921970703,703.4077287686474
F3+G1,F3,G1,4,1,0.5,28.131135128705928,20.15412033081055,42.052539756481465,42.052539756481465,False,680.5027930070619,703.407726850408
F3+G2,F3,G2,4,1,0.5,28.131135128705928,20.15412033081055,42.052539756481465,42.052539756481465,False,680.5027917059605,703.4077302328892
F4+G0,F4,G0,4,1,0.5,28.131135128705928,20.15412033081055,42.052539756481465,42.052539756481465,False,711.6948553173196,729.8530607063664
F4+G1,F4,G1,4,1,0.5,28.131135128705928,20.15412033081055,42.052539756481465,42.052539756481465,False,711.694856127311,729.8530587881271
F4+G2,F4,G2,4,1,0.5,28.131135128705928,20.15412033081055,42.052539756481465,42.052539756481465,False,711.6948548262097,729.8530621706082
F0+G0,F0,G0,5,1,0.75,24.162601255759217,20.15412033081055,42.052539756481465,42.052539756481465,False,5.167546925895568,6.410850262883841
F0+G1,F0,G1,5,1,0.75,24.162601255759217,20.15412033081055,42.052539756481465,42.052539756481465,False,5.1675470932649965,6.410846938117622
F0+G2,F0,G2,5,1,0.75,24.162601255759217,20.15412033081055,42.052539756481465,42.052539756481465,False,5.167546874827803,6.410852714666369
F2+G0,F2,G0,5,1,0.75,24.162601255759217,20.15412033081055,42.052539756481465,42.052539756481465,False,7.098578812799911,36.83232828004322
F2+G1,F2,G1,5,1,0.75,24.162601255759217,20.15412033081055,42.052539756481465,42.052539756481465,False,7.098578980169346,36.83232495527701
F2+G2,F2,G2,5,1,0.75,24.162601255759217,20.15412033081055,42.052539756481465,42.052539756481465,False,7.098578761732146,36.832330731825756
F3+G0,F3,G0,5,1,0.75,24.162601255759217,20.15412033081055,42.052539756481465,42.052539756481465,False,5.399525490773829,34.40907334726506
F3+G1,F3,G1,5,1,0.75,24.162601255759217,20.15412033081055,42.052539756481465,42.052539756481465,False,5.399525658143258,34.40907002249883
F3+G2,F3,G2,5,1,0.75,24.162601255759217,20.15412033081055,42.052539756481465,42.052539756481465,False,5.399525439706057,34.40907579904758
F4+G0,F4,G0,5,1,0.75,24.162601255759217,20.15412033081055,42.052539756481465,42.052539756481465,False,0.6180093079088209,29.219092718829977
F4+G1,F4,G1,5,1,0.75,24.162601255759217,20.15412033081055,42.052539756481465,42.052539756481465,False,0.6180094752782495,29.21908939406375
F4+G2,F4,G2,5,1,0.75,24.162601255759217,20.15412033081055,42.052539756481465,42.052539756481465,False,0.6180092568410522,29.219095170612498
F0+G0,F0,G0,6,2,0.25,10.634613763718379,5.552316990201436,19.207564869229753,19.207564869229753,False,177.4162168141008,178.7121812498953
F0+G1,F0,G1,6,2,0.25,10.634613763718379,5.552316990201436,19.207564869229753,19.207564869229753,False,177.41621707796654,178.7121814558666
F0+G2,F0,G2,6,2,0.25,10.634613763718379,5.552316990201436,19.207564869229753,19.207564869229753,False,177.41621683636583,178.71218244269298
F2+G0,F2,G0,6,2,0.25,10.634613763718379,5.552316990201436,19.207564869229753,19.207564869229753,False,183.70878312299453,202.92916504502767
F2+G1,F2,G1,6,2,0.25,10.634613763718379,5.552316990201436,19.207564869229753,19.207564869229753,False,183.70878338686026,202.92916525099898
F2+G2,F2,G2,6,2,0.25,10.634613763718379,5.552316990201436,19.207564869229753,19.207564869229753,False,183.70878314525956,202.92916623782534
F3+G0,F3,G0,6,2,0.25,10.634613763718379,5.552316990201436,19.207564869229753,19.207564869229753,False,183.44080898859866,219.23713636187043
F3+G1,F3,G1,6,2,0.25,10.634613763718379,5.552316990201436,19.207564869229753,19.207564869229753,False,183.44080925246436,219.23713656784173
F3+G2,F3,G2,6,2,0.25,10.634613763718379,5.552316990201436,19.207564869229753,19.207564869229753,False,183.4408090108637,219.2371375546681
F4+G0,F4,G0,6,2,0.25,10.634613763718379,5.552316990201436,19.207564869229753,19.207564869229753,False,180.85903957035777,199.05739974700558
F4+G1,F4,G1,6,2,0.25,10.634613763718379,5.552316990201436,19.207564869229753,19.207564869229753,False,180.85903983422347,199.05739995297688
F4+G2,F4,G2,6,2,0.25,10.634613763718379,5.552316990201436,19.207564869229753,19.207564869229753,False,180.8590395926228,199.05740093980324
F0+G0,F0,G0,7,2,0.5,22.09632815406436,5.552316990201436,19.207564869229753,19.207564869229753,False,-88.42167716252673,-88.42167716252673
F0+G1,F0,G1,7,2,0.5,22.09632815406436,5.552316990201436,19.207564869229753,19.207564869229753,False,-88.42167613763814,-88.42167613763814
F0+G2,F0,G2,7,2,0.5,22.09632815406436,5.552316990201436,19.207564869229753,19.207564869229753,False,-88.42167680172197,-88.42167680172197
F2+G0,F2,G0,7,2,0.5,22.09632815406436,5.552316990201436,19.207564869229753,19.207564869229753,False,-80.47308113384078,-80.47308113384078
F2+G1,F2,G1,7,2,0.5,22.09632815406436,5.552316990201436,19.207564869229753,19.207564869229753,False,-80.47308010895217,-80.47308010895217
F2+G2,F2,G2,7,2,0.5,22.09632815406436,5.552316990201436,19.207564869229753,19.207564869229753,False,-80.473080773036,-80.473080773036
F3+G0,F3,G0,7,2,0.5,22.09632815406436,5.552316990201436,19.207564869229753,19.207564869229753,False,-80.23695091507663,-80.23695091507663
F3+G1,F3,G1,7,2,0.5,22.09632815406436,5.552316990201436,19.207564869229753,19.207564869229753,False,-80.23694989018803,-80.23694989018803
F3+G2,F3,G2,7,2,0.5,22.09632815406436,5.552316990201436,19.207564869229753,19.207564869229753,False,-80.23695055427186,-80.23695055427186
F4+G0,F4,G0,7,2,0.5,22.09632815406436,5.552316990201436,19.207564869229753,19.207564869229753,False,-61.047037137979345,-61.047037137979345
F4+G1,F4,G1,7,2,0.5,22.09632815406436,5.552316990201436,19.207564869229753,19.207564869229753,False,-61.04703611309074,-61.04703611309074
F4+G2,F4,G2,7,2,0.5,22.09632815406436,5.552316990201436,19.207564869229753,19.207564869229753,False,-61.04703677717457,-61.04703677717457
F0+G0,F0,G0,8,2,0.75,6.986532011486235,5.552316990201436,19.207564869229753,5.552316990201436,False,-118.70892646293035,-118.51044424806273
F0+G1,F0,G1,8,2,0.75,6.986532011486235,5.552316990201436,19.207564869229753,5.552316990201436,False,-118.70892660938964,-118.51044458961088
F0+G2,F0,G2,8,2,0.75,6.986532011486235,5.552316990201436,19.207564869229753,5.552316990201436,False,-118.70892676212657,-118.51044474234781
F2+G0,F2,G0,8,2,0.75,6.986532011486235,5.552316990201436,19.207564869229753,19.207564869229753,False,-121.83177084073219,-81.22084229803272
F2+G1,F2,G1,8,2,0.75,6.986532011486235,5.552316990201436,19.207564869229753,19.207564869229753,False,-121.83177098719148,-81.22084297514066
F2+G2,F2,G2,8,2,0.75,6.986532011486235,5.552316990201436,19.207564869229753,19.207564869229753,False,-121.8317711399284,-81.2208408902026
F3+G0,F3,G0,8,2,0.75,6.986532011486235,5.552316990201436,19.207564869229753,19.207564869229753,False,-127.57802799572077,-58.30128407968435
F3+G1,F3,G1,8,2,0.75,6.986532011486235,5.552316990201436,19.207564869229753,19.207564869229753,False,-127.57802814218006,-58.3012847567923
F3+G2,F3,G2,8,2,0.75,6.986532011486235,5.552316990201436,19.207564869229753,19.207564869229753,False,-127.57802829491699,-58.301282671854224
F4+G0,F4,G0,8,2,0.75,6.986532011486235,5.552316990201436,19.207564869229753,19.207564869229753,False,-126.0206015037967,-89.63106441659862
F4+G1,F4,G1,8,2,0.75,6.986532011486235,5.552316990201436,19.207564869229753,19.207564869229753,False,-126.02060165025598,-89.63106509370655
F4+G2,F4,G2,8,2,0.75,6.986532011486235,5.552316990201436,19.207564869229753,19.207564869229753,False,-126.02060180299291,-89.63106300876848
F0+G0,F0,G0,9,3,0.25,5.086848290761312,3.90812579122755,14.422825675237743,14.422825675237743,False,-309.3325659213786,-308.6749772034612
F0+G1,F0,G1,9,3,0.25,5.086848290761312,3.90812579122755,14.422825675237743,14.422825675237743,False,-309.33256710178955,-308.67497719724696
F0+G2,F0,G2,9,3,0.25,5.086848290761312,3.90812579122755,14.422825675237743,14.422825675237743,False,-309.33256610313856,-308.67497607078934
F2+G0,F2,G0,9,3,0.25,5.086848290761312,3.90812579122755,14.422825675237743,14.422825675237743,False,-324.34012603009745,-296.6521198649899
F2+G1,F2,G1,9,3,0.25,5.086848290761312,3.90812579122755,14.422825675237743,14.422825675237743,False,-324.3401272105084,-296.6521198587757
F2+G2,F2,G2,9,3,0.25,5.086848290761312,3.90812579122755,14.422825675237743,14.422825675237743,False,-324.34012621185735,-296.65211873231806
F3+G0,F3,G0,9,3,0.25,5.086848290761312,3.90812579122755,14.422825675237743,14.422825675237743,False,-331.7046508325839,-280.3127227989909
F3+G1,F3,G1,9,3,0.25,5.086848290761312,3.90812579122755,14.422825675237743,14.422825675237743,False,-331.70465201299487,-280.31272279277664
F3+G2,F3,G2,9,3,0.25,5.086848290761312,3.90812579122755,14.422825675237743,14.422825675237743,False,-331.7046510143439,-280.312721666319
F4+G0,F4,G0,9,3,0.25,5.086848290761312,3.90812579122755,14.422825675237743,14.422825675237743,False,-322.3798747203661,-296.9419987471248
F4+G1,F4,G1,9,3,0.25,5.086848290761312,3.90812579122755,14.422825675237743,14.422825675237743,False,-322.37987590077705,-296.94199874091055
F4+G2,F4,G2,9,3,0.25,5.086848290761312,3.90812579122755,14.422825675237743,14.422825675237743,False,-322.37987490212606,-296.94199761445293
F0+G0,F0,G0,10,3,0.5,8.534606317016516,3.90812579122755,14.422825675237743,14.422825675237743,False,-99.0913868128777,-97.78868136694494
F0+G1,F0,G1,10,3,0.5,8.534606317016516,3.90812579122755,14.422825675237743,14.422825675237743,False,-99.09138648191654,-97.78868020976951
F0+G2,F0,G2,10,3,0.5,8.534606317016516,3.90812579122755,14.422825675237743,14.422825675237743,False,-99.09138714498489,-97.78868087283787
F2+G0,F2,G0,10,3,0.5,8.534606317016516,3.90812579122755,14.422825675237743,14.422825675237743,False,-89.80403646247667,-75.74410759011984
F2+G1,F2,G1,10,3,0.5,8.534606317016516,3.90812579122755,14.422825675237743,14.422825675237743,False,-89.8040361315155,-75.7441064329444
F2+G2,F2,G2,10,3,0.5,8.534606317016516,3.90812579122755,14.422825675237743,14.422825675237743,False,-89.80403679458387,-75.74410709601277
F3+G0,F3,G0,10,3,0.5,8.534606317016516,3.90812579122755,14.422825675237743,14.422825675237743,False,-89.4918643981673,-63.08961661906736
F3+G1,F3,G1,10,3,0.5,8.534606317016516,3.90812579122755,14.422825675237743,14.422825675237743,False,-89.49186406720614,-63.089615461891924
F3+G2,F3,G2,10,3,0.5,8.534606317016516,3.90812579122755,14.422825675237743,14.422825675237743,False,-89.49186473027449,-63.08961612496029
F4+G0,F4,G0,10,3,0.5,8.534606317016516,3.90812579122755,14.422825675237743,14.422825675237743,False,-84.26312502475353,-71.6850168150606
F4+G1,F4,G1,10,3,0.5,8.534606317016516,3.90812579122755,14.422825675237743,14.422825675237743,False,-84.26312469379236,-71.68501565788519
F4+G2,F4,G2,10,3,0.5,8.534606317016516,3.90812579122755,14.422825675237743,14.422825675237743,False,-84.26312535686073,-71.68501632095354
F0+G0,F0,G0,11,3,0.75,4.956049548255073,3.90812579122755,14.422825675237743,14.422825675237743,False,-143.214614358173,-142.5466041388364
F0+G1,F0,G1,11,3,0.75,4.956049548255073,3.90812579122755,14.422825675237743,14.422825675237743,False,-143.21461470501671,-142.54660324720365
F0+G2,F0,G2,11,3,0.75,4.956049548255073,3.90812579122755,14.422825675237743,14.422825675237743,False,-143.21461430134931,-142.546602767581
F2+G0,F2,G0,11,3,0.75,4.956049548255073,3.90812579122755,14.422825675237743,14.422825675237743,False,-159.33480264474602,-131.14157626415783
F2+G1,F2,G1,11,3,0.75,4.956049548255073,3.90812579122755,14.422825675237743,14.422825675237743,False,-159.33480299158973,-131.14157537252507
F2+G2,F2,G2,11,3,0.75,4.956049548255073,3.90812579122755,14.422825675237743,14.422825675237743,False,-159.33480258792233,-131.1415748929024
F3+G0,F3,G0,11,3,0.75,4.956049548255073,3.90812579122755,14.422825675237743,14.422825675237743,False,-159.11970122771598,-107.44196923561263
F3+G1,F3,G1,11,3,0.75,4.956049548255073,3.90812579122755,14.422825675237743,14.422825675237743,False,-159.11970157455968,-107.44196834397987
F3+G2,F3,G2,11,3,0.75,4.956049548255073,3.90812579122755,14.422825675237743,14.422825675237743,False,-159.11970117089228,-107.44196786435721
F4+G0,F4,G0,11,3,0.75,4.956049548255073,3.90812579122755,14.422825675237743,14.422825675237743,False,-156.22214766347037,-131.42090964816705
F4+G1,F4,G1,11,3,0.75,4.956049548255073,3.90812579122755,14.422825675237743,14.422825675237743,False,-156.2221480103141,-131.42090875653432
F4+G2,F4,G2,11,3,0.75,4.956049548255073,3.90812579122755,14.422825675237743,14.422825675237743,False,-156.22214760664667,-131.42090827691166
