variable,theta,se,ci_lo,ci_hi,p,n,batches,rank,target,escenario,fraccion_fe_dross,periodo
gn_0,0.045069127739619706,0.018420927779280612,0.008817045347850376,0.08132121013138904,0.014999694863929184,1084,298,12,ysn,base,0.3,DEV
gn_1,0.016212266212633927,0.010936583993607068,-0.005310750910678008,0.03773528333594586,0.13929721483275892,1084,298,12,ysn,base,0.3,DEV
gn_2,0.031237872432295158,0.011356376000401597,0.008888711555526969,0.05358703330906335,0.006312065567435298,1084,298,12,ysn,base,0.3,DEV
gn_3,0.03482930673420635,0.015304811074870313,0.004709690679866117,0.06494892278854658,0.023575465968234493,1084,298,12,ysn,base,0.3,DEV
gn_0,0.11280675877815999,0.03306966626280491,0.04670143784101331,0.17891207971530665,0.0011433530388796067,242,63,12,ysn,base,0.3,LB
gn_1,0.03769841475751378,0.016592171590895436,0.0045311363415833986,0.07086569317344416,0.026562599461682018,242,63,12,ysn,base,0.3,LB
gn_2,0.03481634743120472,0.01740742781323548,1.939504773236511e-05,0.06961329981467708,0.049876336849511205,242,63,12,ysn,base,0.3,LB
gn_3,0.055529076310221734,0.022098209632749746,0.011355384676922348,0.09970276794352112,0.014591197497064095,242,63,12,ysn,base,0.3,LB
gn_0,0.045069127739619706,0.018420927779280612,0.008817045347850376,0.08132121013138904,0.014999694863929184,1084,298,12,ysn,base,0.5,DEV
gn_1,0.016212266212633927,0.010936583993607068,-0.005310750910678008,0.03773528333594586,0.13929721483275892,1084,298,12,ysn,base,0.5,DEV
gn_2,0.031237872432295158,0.011356376000401597,0.008888711555526969,0.05358703330906335,0.006312065567435298,1084,298,12,ysn,base,0.5,DEV
gn_3,0.03482930673420635,0.015304811074870313,0.004709690679866117,0.06494892278854658,0.023575465968234493,1084,298,12,ysn,base,0.5,DEV
gn_0,0.11280675877815999,0.03306966626280491,0.04670143784101331,0.17891207971530665,0.0011433530388796067,242,63,12,ysn,base,0.5,LB
gn_1,0.03769841475751378,0.016592171590895436,0.0045311363415833986,0.07086569317344416,0.026562599461682018,242,63,12,ysn,base,0.5,LB
gn_2,0.03481634743120472,0.01740742781323548,1.939504773236511e-05,0.06961329981467708,0.049876336849511205,242,63,12,ysn,base,0.5,LB
gn_3,0.055529076310221734,0.022098209632749746,0.011355384676922348,0.09970276794352112,0.014591197497064095,242,63,12,ysn,base,0.5,LB
gn_0,0.045069127739619706,0.018420927779280612,0.008817045347850376,0.08132121013138904,0.014999694863929184,1084,298,12,ysn,base,0.6,DEV
gn_1,0.016212266212633927,0.010936583993607068,-0.005310750910678008,0.03773528333594586,0.13929721483275892,1084,298,12,ysn,base,0.6,DEV
gn_2,0.031237872432295158,0.011356376000401597,0.008888711555526969,0.05358703330906335,0.006312065567435298,1084,298,12,ysn,base,0.6,DEV
gn_3,0.03482930673420635,0.015304811074870313,0.004709690679866117,0.06494892278854658,0.023575465968234493,1084,298,12,ysn,base,0.6,DEV
gn_0,0.11280675877815999,0.03306966626280491,0.04670143784101331,0.17891207971530665,0.0011433530388796067,242,63,12,ysn,base,0.6,LB
gn_1,0.03769841475751378,0.016592171590895436,0.0045311363415833986,0.07086569317344416,0.026562599461682018,242,63,12,ysn,base,0.6,LB
gn_2,0.03481634743120472,0.01740742781323548,1.939504773236511e-05,0.06961329981467708,0.049876336849511205,242,63,12,ysn,base,0.6,LB
gn_3,0.055529076310221734,0.022098209632749746,0.011355384676922348,0.09970276794352112,0.014591197497064095,242,63,12,ysn,base,0.6,LB
gn_0,0.04466269294820775,0.01829158393529586,0.008665157110509247,0.08066022878590626,0.015201432881570661,1084,298,12,ysn,Sn_II,0.3,DEV
gn_1,0.016670638293495983,0.011053735617922304,-0.0050829312964394,0.038424207883431365,0.13258034869950816,1084,298,12,ysn,Sn_II,0.3,DEV
gn_2,0.03183524403656117,0.011401308180649964,0.009397657369304958,0.05427283070381738,0.005573926784620512,1084,298,12,ysn,Sn_II,0.3,DEV
gn_3,0.03551303480508807,0.015329233524922463,0.005345355771395884,0.06568071383878026,0.02120107540222963,1084,298,12,ysn,Sn_II,0.3,DEV
gn_0,0.11873903666267487,0.03803080688184497,0.04271653693606976,0.19476153638927995,0.0027268676053021496,242,63,12,ysn,Sn_II,0.3,LB
gn_1,0.03687017487735758,0.016201528159041315,0.0044837815550197585,0.0692565681996954,0.026329214894456037,242,63,12,ysn,Sn_II,0.3,LB
gn_2,0.03464665896662258,0.01696916046773267,0.000725790523656164,0.06856752740958899,0.04543768080414738,242,63,12,ysn,Sn_II,0.3,LB
gn_3,0.05507994260966642,0.02178070421884778,0.011540935255260953,0.09861894996407189,0.014002697554266034,242,63,12,ysn,Sn_II,0.3,LB
gn_0,0.04466269294820775,0.01829158393529586,0.008665157110509247,0.08066022878590626,0.015201432881570661,1084,298,12,ysn,Sn_II,0.5,DEV
gn_1,0.016670638293495983,0.011053735617922304,-0.0050829312964394,0.038424207883431365,0.13258034869950816,1084,298,12,ysn,Sn_II,0.5,DEV
gn_2,0.03183524403656117,0.011401308180649964,0.009397657369304958,0.05427283070381738,0.005573926784620512,1084,298,12,ysn,Sn_II,0.5,DEV
gn_3,0.03551303480508807,0.015329233524922463,0.005345355771395884,0.06568071383878026,0.02120107540222963,1084,298,12,ysn,Sn_II,0.5,DEV
gn_0,0.11873903666267487,0.03803080688184497,0.04271653693606976,0.19476153638927995,0.0027268676053021496,242,63,12,ysn,Sn_II,0.5,LB
gn_1,0.03687017487735758,0.016201528159041315,0.0044837815550197585,0.0692565681996954,0.026329214894456037,242,63,12,ysn,Sn_II,0.5,LB
gn_2,0.03464665896662258,0.01696916046773267,0.000725790523656164,0.06856752740958899,0.04543768080414738,242,63,12,ysn,Sn_II,0.5,LB
gn_3,0.05507994260966642,0.02178070421884778,0.011540935255260953,0.09861894996407189,0.014002697554266034,242,63,12,ysn,Sn_II,0.5,LB
gn_0,0.04466269294820775,0.01829158393529586,0.008665157110509247,0.08066022878590626,0.015201432881570661,1084,298,12,ysn,Sn_II,0.6,DEV
gn_1,0.016670638293495983,0.011053735617922304,-0.0050829312964394,0.038424207883431365,0.13258034869950816,1084,298,12,ysn,Sn_II,0.6,DEV
gn_2,0.03183524403656117,0.011401308180649964,0.009397657369304958,0.05427283070381738,0.005573926784620512,1084,298,12,ysn,Sn_II,0.6,DEV
gn_3,0.03551303480508807,0.015329233524922463,0.005345355771395884,0.06568071383878026,0.02120107540222963,1084,298,12,ysn,Sn_II,0.6,DEV
gn_0,0.11873903666267487,0.03803080688184497,0.04271653693606976,0.19476153638927995,0.0027268676053021496,242,63,12,ysn,Sn_II,0.6,LB
gn_1,0.03687017487735758,0.016201528159041315,0.0044837815550197585,0.0692565681996954,0.026329214894456037,242,63,12,ysn,Sn_II,0.6,LB
gn_2,0.03464665896662258,0.01696916046773267,0.000725790523656164,0.06856752740958899,0.04543768080414738,242,63,12,ysn,Sn_II,0.6,LB
gn_3,0.05507994260966642,0.02178070421884778,0.011540935255260953,0.09861894996407189,0.014002697554266034,242,63,12,ysn,Sn_II,0.6,LB
gn_0,0.04479533881039684,0.018433462043429688,0.008518589193279413,0.08107208842751426,0.015686581588019152,1084,298,12,ysn,FeIII_30_F,0.3,DEV
gn_1,0.0160248365386277,0.010905191618301897,-0.005436400907261232,0.03748607398451663,0.14276418930315773,1084,298,12,ysn,FeIII_30_F,0.3,DEV
gn_2,0.031076549491096186,0.011310344913125832,0.008817977035741859,0.053335121946450514,0.006369929706959414,1084,298,12,ysn,FeIII_30_F,0.3,DEV
gn_3,0.03464739293697475,0.015292559712419796,0.004551887362100545,0.06474289851184895,0.02419345965132189,1084,298,12,ysn,FeIII_30_F,0.3,DEV
gn_0,0.1112760697843914,0.0323711611973532,0.04656704057758623,0.17598509899119658,0.001054053003428053,242,63,12,ysn,FeIII_30_F,0.3,LB
gn_1,0.03775726488093217,0.01662887907441732,0.004516609250979575,0.07099792051088477,0.026657218566328866,242,63,12,ysn,FeIII_30_F,0.3,LB
gn_2,0.03482856052137652,0.01748084999921756,-0.00011516072059234578,0.06977228176334538,0.050736575967327384,242,63,12,ysn,FeIII_30_F,0.3,LB
gn_3,0.055603207048450155,0.022138262944682973,0.011349449985433399,0.09985696411146691,0.014636111508685521,242,63,12,ysn,FeIII_30_F,0.3,LB
gn_0,0.04479533881039684,0.018433462043429688,0.008518589193279413,0.08107208842751426,0.015686581588019152,1084,298,12,ysn,FeIII_30_F,0.5,DEV
gn_1,0.0160248365386277,0.010905191618301897,-0.005436400907261232,0.03748607398451663,0.14276418930315773,1084,298,12,ysn,FeIII_30_F,0.5,DEV
gn_2,0.031076549491096186,0.011310344913125832,0.008817977035741859,0.053335121946450514,0.006369929706959414,1084,298,12,ysn,FeIII_30_F,0.5,DEV
gn_3,0.03464739293697475,0.015292559712419796,0.004551887362100545,0.06474289851184895,0.02419345965132189,1084,298,12,ysn,FeIII_30_F,0.5,DEV
gn_0,0.1112760697843914,0.0323711611973532,0.04656704057758623,0.17598509899119658,0.001054053003428053,242,63,12,ysn,FeIII_30_F,0.5,LB
gn_1,0.03775726488093217,0.01662887907441732,0.004516609250979575,0.07099792051088477,0.026657218566328866,242,63,12,ysn,FeIII_30_F,0.5,LB
gn_2,0.03482856052137652,0.01748084999921756,-0.00011516072059234578,0.06977228176334538,0.050736575967327384,242,63,12,ysn,FeIII_30_F,0.5,LB
gn_3,0.055603207048450155,0.022138262944682973,0.011349449985433399,0.09985696411146691,0.014636111508685521,242,63,12,ysn,FeIII_30_F,0.5,LB
gn_0,0.04479533881039684,0.018433462043429688,0.008518589193279413,0.08107208842751426,0.015686581588019152,1084,298,12,ysn,FeIII_30_F,0.6,DEV
gn_1,0.0160248365386277,0.010905191618301897,-0.005436400907261232,0.03748607398451663,0.14276418930315773,1084,298,12,ysn,FeIII_30_F,0.6,DEV
gn_2,0.031076549491096186,0.011310344913125832,0.008817977035741859,0.053335121946450514,0.006369929706959414,1084,298,12,ysn,FeIII_30_F,0.6,DEV
gn_3,0.03464739293697475,0.015292559712419796,0.004551887362100545,0.06474289851184895,0.02419345965132189,1084,298,12,ysn,FeIII_30_F,0.6,DEV
gn_0,0.1112760697843914,0.0323711611973532,0.04656704057758623,0.17598509899119658,0.001054053003428053,242,63,12,ysn,FeIII_30_F,0.6,LB
gn_1,0.03775726488093217,0.01662887907441732,0.004516609250979575,0.07099792051088477,0.026657218566328866,242,63,12,ysn,FeIII_30_F,0.6,LB
gn_2,0.03482856052137652,0.01748084999921756,-0.00011516072059234578,0.06977228176334538,0.050736575967327384,242,63,12,ysn,FeIII_30_F,0.6,LB
gn_3,0.055603207048450155,0.022138262944682973,0.011349449985433399,0.09985696411146691,0.014636111508685521,242,63,12,ysn,FeIII_30_F,0.6,LB
gn_0,0.0443711864062418,0.018320764024051354,0.008316224634603464,0.08042614817788013,0.016037949678693608,1084,298,12,ysn,SnII_FeIII30F,0.3,DEV
gn_1,0.01646381367670913,0.011026471788614553,-0.005236101146309929,0.03816372849972819,0.13646806978292098,1084,298,12,ysn,SnII_FeIII30F,0.3,DEV
gn_2,0.031646963343430715,0.011356077696798294,0.009298389523239387,0.05399553716362204,0.005666199861338,1084,298,12,ysn,SnII_FeIII30F,0.3,DEV
gn_3,0.03529900357192488,0.015322801023935295,0.0051439835942024,0.06545402354964736,0.021930360019896386,1084,298,12,ysn,SnII_FeIII30F,0.3,DEV
gn_0,0.11634697483138297,0.03641167659323994,0.04356107043406536,0.1891328792287006,0.002197661765069246,242,63,12,ysn,SnII_FeIII30F,0.3,LB
gn_1,0.03714317622647358,0.016285467079143003,0.004588991393681949,0.06969736105926522,0.02601133514893078,242,63,12,ysn,SnII_FeIII30F,0.3,LB
gn_2,0.034837236755158096,0.017094155013973353,0.0006665077744720457,0.06900796573584414,0.04582595877684621,242,63,12,ysn,SnII_FeIII30F,0.3,LB
gn_3,0.05531794955222638,0.021890337317533495,0.011559788756224064,0.09907611034822869,0.014067502917684833,242,63,12,ysn,SnII_FeIII30F,0.3,LB
gn_0,0.0443711864062418,0.018320764024051354,0.008316224634603464,0.08042614817788013,0.016037949678693608,1084,298,12,ysn,SnII_FeIII30F,0.5,DEV
gn_1,0.01646381367670913,0.011026471788614553,-0.005236101146309929,0.03816372849972819,0.13646806978292098,1084,298,12,ysn,SnII_FeIII30F,0.5,DEV
gn_2,0.031646963343430715,0.011356077696798294,0.009298389523239387,0.05399553716362204,0.005666199861338,1084,298,12,ysn,SnII_FeIII30F,0.5,DEV
gn_3,0.03529900357192488,0.015322801023935295,0.0051439835942024,0.06545402354964736,0.021930360019896386,1084,298,12,ysn,SnII_FeIII30F,0.5,DEV
gn_0,0.11634697483138297,0.03641167659323994,0.04356107043406536,0.1891328792287006,0.002197661765069246,242,63,12,ysn,SnII_FeIII30F,0.5,LB
gn_1,0.03714317622647358,0.016285467079143003,0.004588991393681949,0.06969736105926522,0.02601133514893078,242,63,12,ysn,SnII_FeIII30F,0.5,LB
gn_2,0.034837236755158096,0.017094155013973353,0.0006665077744720457,0.06900796573584414,0.04582595877684621,242,63,12,ysn,SnII_FeIII30F,0.5,LB
gn_3,0.05531794955222638,0.021890337317533495,0.011559788756224064,0.09907611034822869,0.014067502917684833,242,63,12,ysn,SnII_FeIII30F,0.5,LB
gn_0,0.0443711864062418,0.018320764024051354,0.008316224634603464,0.08042614817788013,0.016037949678693608,1084,298,12,ysn,SnII_FeIII30F,0.6,DEV
gn_1,0.01646381367670913,0.011026471788614553,-0.005236101146309929,0.03816372849972819,0.13646806978292098,1084,298,12,ysn,SnII_FeIII30F,0.6,DEV
gn_2,0.031646963343430715,0.011356077696798294,0.009298389523239387,0.05399553716362204,0.005666199861338,1084,298,12,ysn,SnII_FeIII30F,0.6,DEV
gn_3,0.03529900357192488,0.015322801023935295,0.0051439835942024,0.06545402354964736,0.021930360019896386,1084,298,12,ysn,SnII_FeIII30F,0.6,DEV
gn_0,0.11634697483138297,0.03641167659323994,0.04356107043406536,0.1891328792287006,0.002197661765069246,242,63,12,ysn,SnII_FeIII30F,0.6,LB
gn_1,0.03714317622647358,0.016285467079143003,0.004588991393681949,0.06969736105926522,0.02601133514893078,242,63,12,ysn,SnII_FeIII30F,0.6,LB
gn_2,0.034837236755158096,0.017094155013973353,0.0006665077744720457,0.06900796573584414,0.04582595877684621,242,63,12,ysn,SnII_FeIII30F,0.6,LB
gn_3,0.05531794955222638,0.021890337317533495,0.011559788756224064,0.09907611034822869,0.014067502917684833,242,63,12,ysn,SnII_FeIII30F,0.6,LB
gn_0,0.04579990023051963,0.018393499901779853,0.009601795449807826,0.08199800501123143,0.013320870015010328,1084,298,12,ysn,delta0,0.3,DEV
gn_1,0.01634544248468059,0.011016335473462171,-0.0053345242371105606,0.03802540920647174,0.1389367790777903,1084,298,12,ysn,delta0,0.3,DEV
gn_2,0.031813060831804664,0.011392573613149125,0.009392663649491394,0.054233458014117934,0.005570678830903272,1084,298,12,ysn,delta0,0.3,DEV
gn_3,0.03577727065725425,0.01526609978143976,0.005733837790631351,0.06582070352387714,0.019759217731335346,1084,298,12,ysn,delta0,0.3,DEV
gn_0,0.11209950138002969,0.03325526545073987,0.0456231729526165,0.17857582980744288,0.0012940965756577118,242,63,12,ysn,delta0,0.3,LB
gn_1,0.03730007637876266,0.016590663954727688,0.004135811684589659,0.07046434107293567,0.028124839574080466,242,63,12,ysn,delta0,0.3,LB
gn_2,0.034693655948919995,0.017417416637998746,-0.00012326381074276999,0.06951057570858277,0.05079164471359209,242,63,12,ysn,delta0,0.3,LB
gn_3,0.05583594741690983,0.022181940452845245,0.0114948802591417,0.10017701457467795,0.01442916196072617,242,63,12,ysn,delta0,0.3,LB
gn_0,0.04579990023051963,0.018393499901779853,0.009601795449807826,0.08199800501123143,0.013320870015010328,1084,298,12,ysn,delta0,0.5,DEV
gn_1,0.01634544248468059,0.011016335473462171,-0.0053345242371105606,0.03802540920647174,0.1389367790777903,1084,298,12,ysn,delta0,0.5,DEV
gn_2,0.031813060831804664,0.011392573613149125,0.009392663649491394,0.054233458014117934,0.005570678830903272,1084,298,12,ysn,delta0,0.5,DEV
gn_3,0.03577727065725425,0.01526609978143976,0.005733837790631351,0.06582070352387714,0.019759217731335346,1084,298,12,ysn,delta0,0.5,DEV
gn_0,0.11209950138002969,0.03325526545073987,0.0456231729526165,0.17857582980744288,0.0012940965756577118,242,63,12,ysn,delta0,0.5,LB
gn_1,0.03730007637876266,0.016590663954727688,0.004135811684589659,0.07046434107293567,0.028124839574080466,242,63,12,ysn,delta0,0.5,LB
gn_2,0.034693655948919995,0.017417416637998746,-0.00012326381074276999,0.06951057570858277,0.05079164471359209,242,63,12,ysn,delta0,0.5,LB
gn_3,0.05583594741690983,0.022181940452845245,0.0114948802591417,0.10017701457467795,0.01442916196072617,242,63,12,ysn,delta0,0.5,LB
gn_0,0.04579990023051963,0.018393499901779853,0.009601795449807826,0.08199800501123143,0.013320870015010328,1084,298,12,ysn,delta0,0.6,DEV
gn_1,0.01634544248468059,0.011016335473462171,-0.0053345242371105606,0.03802540920647174,0.1389367790777903,1084,298,12,ysn,delta0,0.6,DEV
gn_2,0.031813060831804664,0.011392573613149125,0.009392663649491394,0.054233458014117934,0.005570678830903272,1084,298,12,ysn,delta0,0.6,DEV
gn_3,0.03577727065725425,0.01526609978143976,0.005733837790631351,0.06582070352387714,0.019759217731335346,1084,298,12,ysn,delta0,0.6,DEV
gn_0,0.11209950138002969,0.03325526545073987,0.0456231729526165,0.17857582980744288,0.0012940965756577118,242,63,12,ysn,delta0,0.6,LB
gn_1,0.03730007637876266,0.016590663954727688,0.004135811684589659,0.07046434107293567,0.028124839574080466,242,63,12,ysn,delta0,0.6,LB
gn_2,0.034693655948919995,0.017417416637998746,-0.00012326381074276999,0.06951057570858277,0.05079164471359209,242,63,12,ysn,delta0,0.6,LB
gn_3,0.05583594741690983,0.022181940452845245,0.0114948802591417,0.10017701457467795,0.01442916196072617,242,63,12,ysn,delta0,0.6,LB
gn_0,0.04446535717612398,0.018421073175514568,0.008212988646961572,0.08071772570528639,0.016390656439888157,1084,298,12,ysn,delta02,0.3,DEV
gn_1,0.016100695419615684,0.010858418240418673,-0.0052684927891728656,0.037469883628404234,0.13919195742461024,1084,298,12,ysn,delta02,0.3,DEV
gn_2,0.030776272971970768,0.011310664379052135,0.008517071812936556,0.053035474131004984,0.006892524354524235,1084,298,12,ysn,delta02,0.3,DEV
gn_3,0.03405465567207855,0.01533563396931227,0.003874380669272131,0.06423493067488496,0.027130918526475197,1084,298,12,ysn,delta02,0.3,DEV
gn_0,0.11337132619736227,0.03291003265282808,0.047585108299720486,0.17915754409500406,0.001030225685416083,242,63,12,ysn,delta02,0.3,LB
gn_1,0.03806017086516292,0.01659596510359632,0.004885309325393966,0.07123503240493187,0.02523157752855843,242,63,12,ysn,delta02,0.3,LB
gn_2,0.0349396699337427,0.01740041881479521,0.00015672833851537032,0.06972261152897002,0.049007794258986416,242,63,12,ysn,delta02,0.3,LB
gn_3,0.055286221002938195,0.022032306438244772,0.011244267978335762,0.09932817402754063,0.014723029116938187,242,63,12,ysn,delta02,0.3,LB
gn_0,0.04446535717612398,0.018421073175514568,0.008212988646961572,0.08071772570528639,0.016390656439888157,1084,298,12,ysn,delta02,0.5,DEV
gn_1,0.016100695419615684,0.010858418240418673,-0.0052684927891728656,0.037469883628404234,0.13919195742461024,1084,298,12,ysn,delta02,0.5,DEV
gn_2,0.030776272971970768,0.011310664379052135,0.008517071812936556,0.053035474131004984,0.006892524354524235,1084,298,12,ysn,delta02,0.5,DEV
gn_3,0.03405465567207855,0.01533563396931227,0.003874380669272131,0.06423493067488496,0.027130918526475197,1084,298,12,ysn,delta02,0.5,DEV
gn_0,0.11337132619736227,0.03291003265282808,0.047585108299720486,0.17915754409500406,0.001030225685416083,242,63,12,ysn,delta02,0.5,LB
gn_1,0.03806017086516292,0.01659596510359632,0.004885309325393966,0.07123503240493187,0.02523157752855843,242,63,12,ysn,delta02,0.5,LB
gn_2,0.0349396699337427,0.01740041881479521,0.00015672833851537032,0.06972261152897002,0.049007794258986416,242,63,12,ysn,delta02,0.5,LB
gn_3,0.055286221002938195,0.022032306438244772,0.011244267978335762,0.09932817402754063,0.014723029116938187,242,63,12,ysn,delta02,0.5,LB
gn_0,0.04446535717612398,0.018421073175514568,0.008212988646961572,0.08071772570528639,0.016390656439888157,1084,298,12,ysn,delta02,0.6,DEV
gn_1,0.016100695419615684,0.010858418240418673,-0.0052684927891728656,0.037469883628404234,0.13919195742461024,1084,298,12,ysn,delta02,0.6,DEV
gn_2,0.030776272971970768,0.011310664379052135,0.008517071812936556,0.053035474131004984,0.006892524354524235,1084,298,12,ysn,delta02,0.6,DEV
gn_3,0.03405465567207855,0.01533563396931227,0.003874380669272131,0.06423493067488496,0.027130918526475197,1084,298,12,ysn,delta02,0.6,DEV
gn_0,0.11337132619736227,0.03291003265282808,0.047585108299720486,0.17915754409500406,0.001030225685416083,242,63,12,ysn,delta02,0.6,LB
gn_1,0.03806017086516292,0.01659596510359632,0.004885309325393966,0.07123503240493187,0.02523157752855843,242,63,12,ysn,delta02,0.6,LB
gn_2,0.0349396699337427,0.01740041881479521,0.00015672833851537032,0.06972261152897002,0.049007794258986416,242,63,12,ysn,delta02,0.6,LB
gn_3,0.055286221002938195,0.022032306438244772,0.011244267978335762,0.09932817402754063,0.014723029116938187,242,63,12,ysn,delta02,0.6,LB
gn_0,-0.002699866600579191,0.002700622658139495,-0.008014647500055441,0.00261491429889706,0.31825981178006785,1084,298,12,yfe,base,0.3,DEV
gn_1,-0.0032766185787454797,0.0016588790584235332,-0.0065412652363146025,-1.1971921176356926e-05,0.0491711242413648,1084,298,12,yfe,base,0.3,DEV
gn_2,-0.004113162082880064,0.0017407650847989843,-0.007538959091314597,-0.000687365074445531,0.018779519248368338,1084,298,12,yfe,base,0.3,DEV
gn_3,-0.007433779321612235,0.0026358780225908215,-0.012621143844972208,-0.0022464147982522607,0.0051219185406567724,1084,298,12,yfe,base,0.3,DEV
gn_0,-0.017324845354988225,0.007284481319632274,-0.03188631602929486,-0.002763374680681588,0.02048684084403814,242,63,12,yfe,base,0.3,LB
gn_1,-0.0031759268951550667,0.002455844817950223,-0.008085090736491586,0.001733236946181453,0.20073575859333592,242,63,12,yfe,base,0.3,LB
gn_2,-0.006476143071797251,0.001942050820391124,-0.010358247346390414,-0.0025940387972040874,0.001445267707169295,242,63,12,yfe,base,0.3,LB
gn_3,-0.0021759918186523165,0.003988144667398559,-0.010148179414590595,0.005796195777285962,0.5872883165122494,242,63,12,yfe,base,0.3,LB
gn_0,-0.003403576617906256,0.0027891306180772985,-0.008892539724404763,0.0020853864885922507,0.22331911741170973,1084,298,12,yfe,base,0.5,DEV
gn_1,-0.003160028014089492,0.0016972436374333689,-0.006500175531107965,0.0001801195029289813,0.06361056769543151,1084,298,12,yfe,base,0.5,DEV
gn_2,-0.004099731587918544,0.0017942313628820255,-0.007630749350783686,-0.000568713825053403,0.023020593699416204,1084,298,12,yfe,base,0.5,DEV
gn_3,-0.007491158929601458,0.002653603197560101,-0.012713406305285386,-0.00226891155391753,0.00507880533881466,1084,298,12,yfe,base,0.5,DEV
gn_0,-0.018476795273545205,0.007578901365589115,-0.03362680323376323,-0.003326787313327185,0.017652052186327188,242,63,12,yfe,base,0.5,LB
gn_1,-0.0028675641846188,0.0025105638513063704,-0.007886109815073858,0.0021509814458362574,0.2577631452595664,242,63,12,yfe,base,0.5,LB
gn_2,-0.006183520205931596,0.0019827636113119024,-0.010147008189954329,-0.002220032221908862,0.0027553136425607304,242,63,12,yfe,base,0.5,LB
gn_3,-0.001846422411045684,0.004044615706536035,-0.009931494005757054,0.006238649183665686,0.6496159284948718,242,63,12,yfe,base,0.5,LB
gn_0,-0.0037467000756437677,0.002843744286107953,-0.009343141981086968,0.0018497418297994325,0.18867863880296307,1084,298,12,yfe,base,0.6,DEV
gn_1,-0.003101497322099388,0.0017208362661334615,-0.006488074743719962,0.00028508009952118605,0.07250887223052555,1084,298,12,yfe,base,0.6,DEV
gn_2,-0.004091332381909568,0.0018247970811493162,-0.007682502974766028,-0.0005001617890531074,0.02569449851917553,1084,298,12,yfe,base,0.6,DEV
gn_3,-0.0075171343112917155,0.0026680332080568614,-0.012767779709904274,-0.0022664889126791576,0.005164772623020915,1084,298,12,yfe,base,0.6,DEV
gn_0,-0.01903921508783042,0.007748164317901095,-0.034527574868609065,-0.003550855307051775,0.016811389275864525,242,63,12,yfe,base,0.6,LB
gn_1,-0.002717300018696392,0.002546124590479242,-0.0078069305538826725,0.0023723305164898892,0.2900061595180479,242,63,12,yfe,base,0.6,LB
gn_2,-0.006042047944892421,0.0020144384174132263,-0.010068852964119256,-0.0020152429256655854,0.0038913780179639515,242,63,12,yfe,base,0.6,LB
gn_3,-0.0016858600728280287,0.004084027745712891,-0.009849715211282138,0.0064779950656260795,0.6811819838113841,242,63,12,yfe,base,0.6,LB
gn_0,-0.002405622891808441,0.002621456999071109,-0.007564607078462559,0.0027533612948456767,0.35953815848954834,1084,298,12,yfe,Sn_II,0.3,DEV
gn_1,-0.0031478220689861195,0.0016325649294300381,-0.006360682954211419,6.503881623918031e-05,0.05479021816272246,1084,298,12,yfe,Sn_II,0.3,DEV
gn_2,-0.0039785333533555595,0.0017091050958843994,-0.007342024025192595,-0.0006150426815185231,0.020591889910381755,1084,298,12,yfe,Sn_II,0.3,DEV
gn_3,-0.007248271293679662,0.0025728000304081054,-0.012311499367610241,-0.002185043219749083,0.005168092150191891,1084,298,12,yfe,Sn_II,0.3,DEV
gn_0,-0.01712137376687481,0.007469764280757407,-0.03205321980306219,-0.002189527730687429,0.02530801468710319,242,63,12,yfe,Sn_II,0.3,LB
gn_1,-0.002886954996456032,0.0023861841392330925,-0.007656869125179794,0.0018829591322677298,0.2309244321351472,242,63,12,yfe,Sn_II,0.3,LB
gn_2,-0.006236323917274101,0.0018845131660185505,-0.010003412059619578,-0.002469235774928623,0.001561379055664113,242,63,12,yfe,Sn_II,0.3,LB
gn_3,-0.0018452418559715216,0.003905927861226916,-0.00965308039815123,0.005962596686208188,0.6382851228347141,242,63,12,yfe,Sn_II,0.3,LB
gn_0,-0.0031332228222798308,0.002716362107463315,-0.008478978698723855,0.0022125330541641923,0.24964785859483102,1084,298,12,yfe,Sn_II,0.5,DEV
gn_1,-0.0030380534785775072,0.0016736719017013163,-0.00633181220801078,0.00025570525085576515,0.07050129978216749,1084,298,12,yfe,Sn_II,0.5,DEV
gn_2,-0.003990955681626354,0.0017621337246212306,-0.007458805821190766,-0.0005231055420619425,0.024242805272856622,1084,298,12,yfe,Sn_II,0.5,DEV
gn_3,-0.007345245630413775,0.0025923737265964707,-0.012446994415973776,-0.002243496844853774,0.004920841784784211,1084,298,12,yfe,Sn_II,0.5,DEV
gn_0,-0.018249981778181518,0.007762347960581431,-0.033766694256685936,-0.002733269299677099,0.021912426299770058,242,63,12,yfe,Sn_II,0.5,LB
gn_1,-0.0025965392466935893,0.002443498948826839,-0.0074810240472994415,0.002287945553912263,0.29207059628697907,242,63,12,yfe,Sn_II,0.5,LB
gn_2,-0.005957192412556167,0.0019368280206278692,-0.009828856459183416,-0.0020855283659289192,0.003122399263434203,242,63,12,yfe,Sn_II,0.5,LB
gn_3,-0.0015464910807974127,0.003978657712609341,-0.009499714524328661,0.006406732362733836,0.6988321879843268,242,63,12,yfe,Sn_II,0.5,LB
gn_0,-0.0034877674346687933,0.0027748164475693018,-0.008948560489428136,0.00197302562009055,0.20976430756063466,1084,298,12,yfe,Sn_II,0.6,DEV
gn_1,-0.0029827386521650437,0.001698875329443521,-0.006326097312177984,0.0003606200078478971,0.08016813366618192,1084,298,12,yfe,Sn_II,0.6,DEV
gn_2,-0.003994997221793675,0.0017928221529399688,-0.0075232416827090524,-0.0004667527608782974,0.026607107946435893,1084,298,12,yfe,Sn_II,0.6,DEV
gn_3,-0.007390281755219236,0.002608225060422269,-0.012523225704603647,-0.002257337805834826,0.004920135948868357,1084,298,12,yfe,Sn_II,0.6,DEV
gn_0,-0.0188003788993293,0.007929339166563347,-0.034650902042186627,-0.00294985575647198,0.02086233859854094,242,63,12,yfe,Sn_II,0.6,LB
gn_1,-0.0024551638053881926,0.0024803651625152677,-0.0074133431170980806,0.0025030155063216954,0.3260998861505013,242,63,12,yfe,Sn_II,0.6,LB
gn_2,-0.0058225573025503016,0.0019741092778983865,-0.009768745520580508,-0.001876369084520096,0.0044854630817156745,242,63,12,yfe,Sn_II,0.6,LB
gn_3,-0.0014011408716999105,0.00402644070537573,-0.009449881156769781,0.00664759941336996,0.7290301973689132,242,63,12,yfe,Sn_II,0.6,LB
gn_0,-0.0026802952540934464,0.0026997421837408973,-0.007993343394458742,0.0026327528862718484,0.32161716499311466,1084,298,12,yfe,FeIII_30_F,0.3,DEV
gn_1,-0.0032676334631893634,0.0016578997662653897,-0.006530352889924729,-4.914036453997333e-06,0.04965816185276415,1084,298,12,yfe,FeIII_30_F,0.3,DEV
gn_2,-0.004103682915645483,0.0017403837100941864,-0.007528729384943979,-0.0006786364463469874,0.019025938928882505,1084,298,12,yfe,FeIII_30_F,0.3,DEV
gn_3,-0.007424541628228436,0.0026375225613736344,-0.012615142576819827,-0.002233940679637044,0.00520426467857259,1084,298,12,yfe,FeIII_30_F,0.3,DEV
gn_0,-0.017196411217517277,0.007245697612249329,-0.03168035436544045,-0.002712468069594104,0.02074196574097659,242,63,12,yfe,FeIII_30_F,0.3,LB
gn_1,-0.003192128655704396,0.002457829957988061,-0.008105260735433877,0.0017210034240250846,0.19883638163862685,242,63,12,yfe,FeIII_30_F,0.3,LB
gn_2,-0.006483042444519565,0.00194597635400599,-0.010372993748998003,-0.0025930911400411276,0.0014593271768905986,242,63,12,yfe,FeIII_30_F,0.3,LB
gn_3,-0.002180425829573159,0.003993358530699094,-0.01016303578974291,0.005802184130596594,0.587016381262195,242,63,12,yfe,FeIII_30_F,0.3,LB
gn_0,-0.0033781348953086025,0.002787714414564066,-0.008864310936624488,0.002108041146007283,0.22655453569051529,1084,298,12,yfe,FeIII_30_F,0.5,DEV
gn_1,-0.003153334487874677,0.001695477938028872,-0.006490007137554334,0.0001833381618049799,0.06389529712876504,1084,298,12,yfe,FeIII_30_F,0.5,DEV
gn_2,-0.004083479780843247,0.0017941474336029715,-0.007614332372269913,-0.0005526271894165805,0.02355785199402781,1084,298,12,yfe,FeIII_30_F,0.5,DEV
gn_3,-0.007470397432607585,0.0026550630028817418,-0.012695517681114758,-0.0022452771841004124,0.005225205004316312,1084,298,12,yfe,FeIII_30_F,0.5,DEV
gn_0,-0.01837651535538139,0.007549654834925845,-0.03346806033383149,-0.0032849703769312916,0.017823413935822034,242,63,12,yfe,FeIII_30_F,0.5,LB
gn_1,-0.0028749161132081663,0.0025112376251437973,-0.007894808598373163,0.00214497637195683,0.2566838070215371,242,63,12,yfe,FeIII_30_F,0.5,LB
gn_2,-0.006178689554157,0.0019846321686089767,-0.01014591273099453,-0.0022114663773194695,0.0027989578081860896,242,63,12,yfe,FeIII_30_F,0.5,LB
gn_3,-0.0018323989163890066,0.004045222861011702,-0.009918684195603674,0.00625388636282566,0.652145515266183,242,63,12,yfe,FeIII_30_F,0.5,LB
gn_0,-0.003718428381599862,0.002841971891096457,-0.009311382242859979,0.0018745254796602552,0.1917502089865088,1084,298,12,yfe,FeIII_30_F,0.6,DEV
gn_1,-0.0030959293647851035,0.0017186396523621212,-0.0064781838866920655,0.0002863251571218585,0.07265657661334554,1084,298,12,yfe,FeIII_30_F,0.6,DEV
gn_2,-0.004071816215026444,0.0018247752600450407,-0.007662943864309185,-0.00048068856574370357,0.026400342864401925,1084,298,12,yfe,FeIII_30_F,0.6,DEV
gn_3,-0.007490808030618114,0.002669273238561254,-0.01274389378883428,-0.0022377222724019475,0.005342406271566718,1084,298,12,yfe,FeIII_30_F,0.6,DEV
gn_0,-0.018952853480839863,0.007723484243798782,-0.034391878496449715,-0.0035138284652300143,0.016953581280063395,242,63,12,yfe,FeIII_30_F,0.6,LB
gn_1,-0.002720291614982116,0.00254631042958625,-0.007810293637250057,0.0023697104072858246,0.28951513757735264,242,63,12,yfe,FeIII_30_F,0.6,LB
gn_2,-0.006031437268562171,0.0020155352278134198,-0.01006043478053858,-0.0020024397565857627,0.003968867649380151,242,63,12,yfe,FeIII_30_F,0.6,LB
gn_3,-0.0016627871405347366,0.004082445724588361,-0.009823479863821566,0.006497905582752092,0.6851892836812542,242,63,12,yfe,FeIII_30_F,0.6,LB
gn_0,-0.0023822106508059214,0.00262163846122417,-0.007541551951987742,0.002777130650375899,0.36425979974505585,1084,298,12,yfe,SnII_FeIII30F,0.3,DEV
gn_1,-0.0031397761734402833,0.0016318497354051152,-0.0063512295686070875,7.167722172652085e-05,0.05530251899639498,1084,298,12,yfe,SnII_FeIII30F,0.3,DEV
gn_2,-0.003966111519873219,0.0017100832274863464,-0.0073315271385885365,-0.000600695901157901,0.02105974267158938,1084,298,12,yfe,SnII_FeIII30F,0.3,DEV
gn_3,-0.007232886535378632,0.002575077225234292,-0.01230059609121122,-0.0021651769795460454,0.005302279773662213,1084,298,12,yfe,SnII_FeIII30F,0.3,DEV
gn_0,-0.016955202035358958,0.00740692112827857,-0.03176142639970056,-0.002148977671017358,0.025491753183185636,242,63,12,yfe,SnII_FeIII30F,0.3,LB
gn_1,-0.00291389817193054,0.002388754821397988,-0.007688951021081274,0.0018611546772201943,0.22714554573384366,242,63,12,yfe,SnII_FeIII30F,0.3,LB
gn_2,-0.006252382926734705,0.0018889977060564257,-0.010028435536882891,-0.0024763303165865197,0.001558329550998297,242,63,12,yfe,SnII_FeIII30F,0.3,LB
gn_3,-0.0018562697759402103,0.0039124831349634055,-0.00967721212360552,0.0059646725717250985,0.6368473143668724,242,63,12,yfe,SnII_FeIII30F,0.3,LB
gn_0,-0.0031055103546890504,0.002716044356973191,-0.008450640903403328,0.0022396201940252276,0.25379558574397,1084,298,12,yfe,SnII_FeIII30F,0.5,DEV
gn_1,-0.0030324110079568123,0.0016721261701537061,-0.006323127763169734,0.0002583057472561089,0.07076301436356776,1084,298,12,yfe,SnII_FeIII30F,0.5,DEV
gn_2,-0.003970081319884926,0.001763680032307709,-0.00744097456750149,-0.0004991880722683625,0.02511530691631197,1084,298,12,yfe,SnII_FeIII30F,0.5,DEV
gn_3,-0.007315801939155927,0.0025941654691101234,-0.012421076844464512,-0.002210527033847341,0.005123946177858696,1084,298,12,yfe,SnII_FeIII30F,0.5,DEV
gn_0,-0.01811261835533133,0.007708040734183158,-0.033520772235096516,-0.002704464475566144,0.021980266941394145,242,63,12,yfe,SnII_FeIII30F,0.5,LB
gn_1,-0.0026132526264388213,0.0024454115217137765,-0.0075015606057699125,0.0022750553528922703,0.28937722494080514,242,63,12,yfe,SnII_FeIII30F,0.5,LB
gn_2,-0.005959589616263877,0.0019395297530279331,-0.009836654349005498,-0.002082524883522255,0.003150156834075898,242,63,12,yfe,SnII_FeIII30F,0.5,LB
gn_3,-0.001535294718254292,0.003980674925217743,-0.009492550512333536,0.006421961075824951,0.7010486779977328,242,63,12,yfe,SnII_FeIII30F,0.5,LB
gn_0,-0.003457985660163605,0.0027741908155050655,-0.008917547481327583,0.0020015761610003738,0.2135688143682802,1084,298,12,yfe,SnII_FeIII30F,0.6,DEV
gn_1,-0.0029782750026915434,0.0016968844757089551,-0.006317715695353426,0.00036116568997033834,0.08026585379060423,1084,298,12,yfe,SnII_FeIII30F,0.6,DEV
gn_2,-0.00397004382103479,0.001794542122199098,-0.007501673153116287,-0.0004384144889532926,0.027707500355322105,1084,298,12,yfe,SnII_FeIII30F,0.6,DEV
gn_3,-0.007354044151296632,0.002609635472360888,-0.01248976376814024,-0.002218324534453024,0.005156113112310591,1084,298,12,yfe,SnII_FeIII30F,0.6,DEV
gn_0,-0.018677264749649928,0.007879631813454538,-0.03442842430945562,-0.002926105189844236,0.02089681463400655,242,63,12,yfe,SnII_FeIII30F,0.6,LB
gn_1,-0.0024668451705784525,0.0024821528886583245,-0.007428598095928567,0.0024949077547716616,0.3241672262202671,242,63,12,yfe,SnII_FeIII30F,0.6,LB
gn_2,-0.005818234426112328,0.001976201998188265,-0.009768605932395119,-0.0018678629198295368,0.00455340585677336,242,63,12,yfe,SnII_FeIII30F,0.6,LB
gn_3,-0.0013790635981478826,0.004026347843041123,-0.009427618254055869,0.006669491057760103,0.7331257378231065,242,63,12,yfe,SnII_FeIII30F,0.6,LB
gn_0,-0.0027532542452961117,0.002700157945817023,-0.008067120598577698,0.002560612107985476,0.30871763848502687,1084,298,12,yfe,delta0,0.3,DEV
gn_1,-0.003269385779416464,0.0016601148853313135,-0.006536464523980315,-2.3070348526129866e-06,0.04983948234963374,1084,298,12,yfe,delta0,0.3,DEV
gn_2,-0.004129384621027035,0.0017423618143155965,-0.007558323966844743,-0.0007004452752093276,0.018427267666051808,1084,298,12,yfe,delta0,0.3,DEV
gn_3,-0.00747862099665254,0.002632469930937369,-0.012659278451785548,-0.0022979635415195324,0.004809492342285831,1084,298,12,yfe,delta0,0.3,DEV
gn_0,-0.01720669033749047,0.007283219853990762,-0.03176563937791001,-0.0026477412970709324,0.021304108049354044,242,63,12,yfe,delta0,0.3,LB
gn_1,-0.003156679128112768,0.002450012565133313,-0.008054184462188146,0.0017408262059626103,0.2023824425769594,242,63,12,yfe,delta0,0.3,LB
gn_2,-0.006480113158194717,0.0019456092834495553,-0.0103693306990861,-0.002590895617303334,0.0014632256232854665,242,63,12,yfe,delta0,0.3,LB
gn_3,-0.002217490954517162,0.004003985281914433,-0.010221343487684977,0.005786361578650652,0.5816933483591775,242,63,12,yfe,delta0,0.3,LB
gn_0,-0.0034666463935686914,0.0027877066455101753,-0.008952807145514512,0.002019514358377129,0.21464671913892627,1084,298,12,yfe,delta0,0.5,DEV
gn_1,-0.003155151291587322,0.0016983239724456922,-0.0064974248901119355,0.00018712230693729076,0.06418650780298124,1084,298,12,yfe,delta0,0.5,DEV
gn_2,-0.004126225795705841,0.0017946379973464335,-0.007658043808497788,-0.0005944077829138947,0.02218764327407062,1084,298,12,yfe,delta0,0.5,DEV
gn_3,-0.0075495404584476275,0.002651698085232166,-0.012768038604456189,-0.002331042312439067,0.004720080909208411,1084,298,12,yfe,delta0,0.5,DEV
gn_0,-0.018336875943626825,0.007565113734021225,-0.03345932282105328,-0.0032144290662003677,0.018286680929620058,242,63,12,yfe,delta0,0.5,LB
gn_1,-0.0028792427879185604,0.0025044577349729404,-0.007885582465743399,0.0021270968899062778,0.25470466104898715,242,63,12,yfe,delta0,0.5,LB
gn_2,-0.00620069767045878,0.001986249855251239,-0.010171154556817679,-0.002230240784099882,0.002729815610881922,242,63,12,yfe,delta0,0.5,LB
gn_3,-0.001887873204045266,0.004052333754413732,-0.009988372956631252,0.0062126265485407195,0.6429388905725137,242,63,12,yfe,delta0,0.5,LB
gn_0,-0.0038144843618526537,0.0028418520560670986,-0.00940720238974923,0.0017782336660439229,0.18053910702483736,1084,298,12,yfe,delta0,0.6,DEV
gn_1,-0.003097763682347259,0.001721779681379723,-0.006486197729630064,0.00029067036493554644,0.07300779820315531,1084,298,12,yfe,delta0,0.6,DEV
gn_2,-0.004122816152595093,0.001824625919843823,-0.007713649902822161,-0.0005319824023680255,0.024574344045109803,1084,298,12,yfe,delta0,0.6,DEV
gn_3,-0.007582100979719863,0.0026667840711446524,-0.012830288097468254,-0.0023339138619714716,0.00477659629476943,1084,298,12,yfe,delta0,0.6,DEV
gn_0,-0.01888864187427701,0.007728262800771915,-0.034337219089168675,-0.0034400646593853446,0.017379523682157835,242,63,12,yfe,delta0,0.6,LB
gn_1,-0.0027440583105623447,0.0025395254066952044,-0.007820497265328664,0.002332380644203976,0.2840871853000748,242,63,12,yfe,delta0,0.6,LB
gn_2,-0.0060656714333382185,0.0020174768442609787,-0.0100985501812903,-0.002032792685386136,0.0038120683213266567,242,63,12,yfe,delta0,0.6,LB
gn_3,-0.0017273056212921143,0.004087367092675382,-0.009897836019209735,0.006443224776625505,0.6740519892938003,242,63,12,yfe,delta0,0.6,LB
gn_0,-0.0026621253959978855,0.0026995851393602933,-0.007974864475609399,0.0026506136836136284,0.32487498623423317,1084,298,12,yfe,delta02,0.3,DEV
gn_1,-0.0032846133861376605,0.0016577979380365414,-0.006547132416596236,-2.2094355679085857e-05,0.04847838918995558,1084,298,12,yfe,delta02,0.3,DEV
gn_2,-0.004107168236219025,0.001738244937122739,-0.007528005635545192,-0.0006863308368928582,0.01878063808956986,1084,298,12,yfe,delta02,0.3,DEV
gn_3,-0.007406853007048233,0.0026397751599176542,-0.012601887032463543,-0.0022118189816329233,0.005349592853214615,1084,298,12,yfe,delta02,0.3,DEV
gn_0,-0.01742301192955027,0.007284264240179398,-0.03198404866821367,-0.0028619751908868663,0.019808979518915627,242,63,12,yfe,delta02,0.3,LB
gn_1,-0.0031961803448012235,0.002461062683663443,-0.008115774551078175,0.001723413861475728,0.19885673896644981,242,63,12,yfe,delta02,0.3,LB
gn_2,-0.006474764926660839,0.0019390666267122163,-0.010350903883088555,-0.0025986259702331237,0.0014259413752036058,242,63,12,yfe,delta02,0.3,LB
gn_3,-0.0021419497793116605,0.003974288684066529,-0.010086439659228723,0.005802540100605401,0.5918502246710363,242,63,12,yfe,delta02,0.3,LB
gn_0,-0.0033562117956463314,0.0027888159465405257,-0.008844555633744564,0.0021321320424519015,0.22975903155186783,1084,298,12,yfe,delta02,0.5,DEV
gn_1,-0.003166348746487974,0.0016961259158082267,-0.006504296605762211,0.0001715991127862631,0.06291298576658791,1084,298,12,yfe,delta02,0.5,DEV
gn_2,-0.004084706131761872,0.0017925930542645836,-0.007612499730258406,-0.0005569125332653378,0.02339720910691983,1084,298,12,yfe,delta02,0.5,DEV
gn_3,-0.007451417104941936,0.002656165058752844,-0.012678706181247484,-0.00222412802863639,0.005358264120074754,1084,298,12,yfe,delta02,0.5,DEV
gn_0,-0.018598903268404212,0.007589225934856151,-0.03376954974851268,-0.003428256788295749,0.017092420465325425,242,63,12,yfe,delta02,0.5,LB
gn_1,-0.0028607387155212814,0.002516045470728425,-0.007890241947068243,0.00216876451602568,0.25991445044037886,242,63,12,yfe,delta02,0.5,LB
gn_2,-0.006169967322193112,0.0019797464381193838,-0.010127424062942043,-0.0022125105814441793,0.0027722463980101282,242,63,12,yfe,delta02,0.5,LB
gn_3,-0.0018104084288401417,0.004037117013056778,-0.009880490348871512,0.006259673491191229,0.6553983570958622,242,63,12,yfe,delta02,0.5,LB
gn_0,-0.003694653758444612,0.0028437701289495175,-0.009291146522174259,0.001901839005285036,0.19487961194199369,1084,298,12,yfe,delta02,0.6,DEV
gn_1,-0.0031070059886556603,0.0017197537004630381,-0.0064914529388717035,0.00027744096156038286,0.07182771755389526,1084,298,12,yfe,delta02,0.6,DEV
gn_2,-0.0040719219785625505,0.0018235933785276206,-0.007660723704490061,-0.00048312025263503927,0.026299813028304055,1084,298,12,yfe,delta02,0.6,DEV
gn_3,-0.0074711640883149645,0.0026699859896248813,-0.012725652528882043,-0.0022166756477478853,0.005474755072592965,1084,298,12,yfe,delta02,0.6,DEV
gn_0,-0.019173032692713636,0.007763637400055596,-0.034692322723999844,-0.0036537426614274247,0.016293751234809806,242,63,12,yfe,delta02,0.6,LB
gn_1,-0.0026972723980287993,0.0025521059026703467,-0.007798859405919583,0.0024043146098619845,0.29466662053037873,242,63,12,yfe,delta02,0.6,LB
gn_2,-0.006022553870433214,0.0020118051394981077,-0.010044095042111295,-0.0020010126987551335,0.003956042945646777,242,63,12,yfe,delta02,0.6,LB
gn_3,-0.0016488683586708354,0.004080030188251155,-0.009804732493621229,0.006506995776279558,0.6875067711250694,242,63,12,yfe,delta02,0.6,LB
