id,fase,familia,agg,kpi,muestra,n,rho_spearman,p_spearman,r_pearson,p_pearson,ci_low,ci_high,signo_esperado,signo_ok,dir_ok,p_bh,significativo_bh
FE01_frac_fe_retenido_oxido,Fusión,balance_Fe,ratio,rendimiento_proxy_batch,dev,298,0.09815535435611301,0.09076244507663685,-0.021886474174622163,0.7067114797147188,-0.016029667719480393,0.21391527613507813,,,True,0.18197385170279148,False
FE01_frac_fe_retenido_oxido,Fusión,balance_Fe,ratio,rendimiento_proxy_batch,lockbox,63,0.2460637480798771,0.051899878451963116,0.254384055413703,0.04422965928807545,-0.019532821095567972,0.48788508888926635,,,True,,
FE01_frac_fe_retenido_oxido,Fusión,balance_Fe,ratio,rendimiento_proxy_batch,total,361,0.12077715370135134,0.021720785723903135,-0.010423370469872184,0.8435438280224529,0.015993233943047632,0.21935705083195464,,,True,,
FE01_frac_fe_retenido_oxido,Fusión,balance_Fe,ratio,f_metal,dev,298,0.09815535435611301,0.09076244507663685,-0.021886474174622243,0.7067114797147159,-0.024359233050358274,0.21568294585211567,,,True,,
FE01_frac_fe_retenido_oxido,Fusión,balance_Fe,ratio,f_metal,lockbox,63,0.2460637480798771,0.051899878451963116,0.2543840554137033,0.04422965928807499,-0.018432413239822466,0.482675453432676,,,True,,
FE01_frac_fe_retenido_oxido,Fusión,balance_Fe,ratio,f_metal,total,361,0.12077715370135134,0.021720785723903135,-0.010423370469872224,0.8435438280224529,0.0177324193032911,0.22793662539113407,,,True,,
FE01_frac_fe_retenido_oxido,Fusión,balance_Fe,ratio,f_dross,dev,298,-0.07675892502271259,0.18635271474072876,-0.014481088443776623,0.8034034907676187,-0.1814732455452583,0.038690557068344955,-1.0,True,True,,
FE01_frac_fe_retenido_oxido,Fusión,balance_Fe,ratio,f_dross,lockbox,63,-0.47657450076804925,7.865894936057673e-05,-0.4664852849713098,0.00011642553015273935,-0.6558876441545796,-0.2621519512587499,-1.0,True,True,,
FE01_frac_fe_retenido_oxido,Fusión,balance_Fe,ratio,f_dross,total,361,-0.1411880238543436,0.0072153058512850615,-0.03451136354488453,0.5133460003095264,-0.23879278456336905,-0.04243792988918418,-1.0,True,True,,
FE01_frac_fe_retenido_oxido,Fusión,balance_Fe,ratio,f_polvo,dev,298,-0.05638731142086846,0.3320081102840351,0.0469130315615143,0.4197325820440122,-0.17437697069880745,0.061172841423244674,-1.0,True,True,,
FE01_frac_fe_retenido_oxido,Fusión,balance_Fe,ratio,f_polvo,lockbox,63,0.22129416282642092,0.08133786159872128,0.24100612810626038,0.05707033864338068,-0.04721242493384519,0.4295537491747079,-1.0,False,True,,
FE01_frac_fe_retenido_oxido,Fusión,balance_Fe,ratio,f_polvo,total,361,-0.012871448758564042,0.8074480967906251,0.05443455936643769,0.3023370661356293,-0.10738350881255952,0.08992545380218496,-1.0,True,True,,
FE01_frac_fe_retenido_oxido,Fusión,balance_Fe,ratio,recuperacion_real_pct,dev,298,0.09705027650752773,0.09447383532475749,0.06174738559050978,0.28802715404292234,-0.022431500633052687,0.2014537569624219,,,True,,
FE01_frac_fe_retenido_oxido,Fusión,balance_Fe,ratio,recuperacion_real_pct,lockbox,63,0.255568356374808,0.04321794421096373,0.19087381717360208,0.13400581143241333,-0.0003509211598534581,0.5141230771519145,,,True,,
FE01_frac_fe_retenido_oxido,Fusión,balance_Fe,ratio,recuperacion_real_pct,total,361,0.11395422986078162,0.030412411661288972,0.06272745519656517,0.23449502695642588,0.01771513835811931,0.22261980094476602,,,True,,
FE02_frac_fe_metalizado_implicito,Fusión,balance_Fe,ratio,rendimiento_proxy_batch,dev,298,0.09808749807214966,0.09098692585139574,-0.021886474174622122,0.7067114797147188,-0.01702239599378013,0.21059687334441812,,,True,0.18197385170279148,False
FE02_frac_fe_metalizado_implicito,Fusión,balance_Fe,ratio,rendimiento_proxy_batch,lockbox,63,0.2460637480798771,0.051899878451963116,0.2543840554137036,0.044229659288074985,-0.01286783452889448,0.4838406147437063,,,True,,
FE02_frac_fe_metalizado_implicito,Fusión,balance_Fe,ratio,rendimiento_proxy_batch,total,361,0.12072997974434163,0.02177256907911969,-0.010423370469872106,0.8435438280224529,0.01373438491765659,0.22526066368301595,,,True,,
FE02_frac_fe_metalizado_implicito,Fusión,balance_Fe,ratio,f_metal,dev,298,0.09808749807214966,0.09098692585139574,-0.021886474174622216,0.7067114797147159,-0.02244779909050888,0.21475357961788039,,,True,,
FE02_frac_fe_metalizado_implicito,Fusión,balance_Fe,ratio,f_metal,lockbox,63,0.2460637480798771,0.051899878451963116,0.25438405541370374,0.04422965928807455,-0.009170298367517359,0.47574424686564837,,,True,,
FE02_frac_fe_metalizado_implicito,Fusión,balance_Fe,ratio,f_metal,total,361,0.12072997974434163,0.02177256907911969,-0.010423370469872163,0.8435438280224529,0.0164367105602421,0.2256584976144719,,,True,,
FE02_frac_fe_metalizado_implicito,Fusión,balance_Fe,ratio,f_dross,dev,298,-0.07665311992503879,0.1869622320820587,-0.014481088443776652,0.8034034907676187,-0.1931136596329621,0.049119220644513815,-1.0,True,True,,
FE02_frac_fe_metalizado_implicito,Fusión,balance_Fe,ratio,f_dross,lockbox,63,-0.47657450076804925,7.865894936057673e-05,-0.46648528497131014,0.00011642553015273684,-0.6465138290860071,-0.26530461980525266,-1.0,True,True,,
FE02_frac_fe_metalizado_implicito,Fusión,balance_Fe,ratio,f_dross,total,361,-0.14111640847501364,0.007245095241741845,-0.034511363544884564,0.5133460003095264,-0.24848838358323613,-0.03955808116905373,-1.0,True,True,,
FE02_frac_fe_metalizado_implicito,Fusión,balance_Fe,ratio,f_polvo,dev,298,-0.05640408644671469,0.33186406033075994,0.04691303156151427,0.4197325820440122,-0.15797899570502824,0.05174531325497079,-1.0,True,True,,
FE02_frac_fe_metalizado_implicito,Fusión,balance_Fe,ratio,f_polvo,lockbox,63,0.22129416282642092,0.08133786159872128,0.24100612810625996,0.0570703386433815,-0.012701122256397973,0.4404737853124317,-1.0,False,True,,
FE02_frac_fe_metalizado_implicito,Fusión,balance_Fe,ratio,f_polvo,total,361,-0.012886526774214022,0.8072269556209728,0.054434559366437645,0.3023370661356293,-0.11937178440871775,0.08790474732603511,-1.0,True,True,,
FE02_frac_fe_metalizado_implicito,Fusión,balance_Fe,ratio,recuperacion_real_pct,dev,298,0.09707877610745334,0.09437662231269309,0.061747385590509817,0.28802715404292234,-0.016570603846610587,0.21050778606300274,,,True,,
FE02_frac_fe_metalizado_implicito,Fusión,balance_Fe,ratio,recuperacion_real_pct,lockbox,63,0.255568356374808,0.04321794421096373,0.19087381717360258,0.13400581143241194,0.006810887356736211,0.5184301846819555,,,True,,
FE02_frac_fe_metalizado_implicito,Fusión,balance_Fe,ratio,recuperacion_real_pct,total,361,0.11396660014612164,0.03039428994850412,0.06272745519656521,0.23449502695642482,0.007935236387275382,0.2207050710506934,,,True,,
FE03_fe_metalizado_implicito_kg,Fusión,balance_Fe,sum,rendimiento_proxy_batch,dev,298,0.12884586476649504,0.026137999188814817,0.09288666249064478,0.10955539701263677,0.01891573201171827,0.23934939991945264,,,True,0.10455199675525927,False
FE03_fe_metalizado_implicito_kg,Fusión,balance_Fe,sum,rendimiento_proxy_batch,lockbox,63,0.26656105990783413,0.034706374439659494,0.37638555722770606,0.002363465751808717,0.0001845650247282055,0.48190731776495066,,,True,,
FE03_fe_metalizado_implicito_kg,Fusión,balance_Fe,sum,rendimiento_proxy_batch,total,361,0.15861812134290362,0.0025073825958657255,0.11017374266642521,0.036401414109544,0.05463059200435246,0.2619294030964451,,,True,,
FE03_fe_metalizado_implicito_kg,Fusión,balance_Fe,sum,f_metal,dev,298,0.12884586476649504,0.026137999188814817,0.09288666249064471,0.10955539701263677,0.016467757264396286,0.24648711142597496,,,True,,
FE03_fe_metalizado_implicito_kg,Fusión,balance_Fe,sum,f_metal,lockbox,63,0.26656105990783413,0.034706374439659494,0.37638555722770634,0.002363465751808694,0.0065109376229808644,0.4834246273320701,,,True,,
FE03_fe_metalizado_implicito_kg,Fusión,balance_Fe,sum,f_metal,total,361,0.15861812134290362,0.0025073825958657255,0.11017374266642514,0.03640141410954457,0.05121024992720605,0.2618925184286684,,,True,,
FE03_fe_metalizado_implicito_kg,Fusión,balance_Fe,sum,f_dross,dev,298,-0.12246978777471919,0.03458089396618114,-0.1211966537764836,0.0365191098704064,-0.22710214549216406,-0.020310046983542045,-1.0,True,True,,
FE03_fe_metalizado_implicito_kg,Fusión,balance_Fe,sum,f_dross,lockbox,63,-0.4172427035330261,0.0006688652737457724,-0.4676545006681355,0.00011132260843831347,-0.6066095553180885,-0.20163744571673517,-1.0,True,True,,
FE03_fe_metalizado_implicito_kg,Fusión,balance_Fe,sum,f_dross,total,361,-0.17209587650428773,0.0010270547673296875,-0.14312999423337439,0.0064481383872471605,-0.26752891738286116,-0.07055392756334196,-1.0,True,True,,
FE03_fe_metalizado_implicito_kg,Fusión,balance_Fe,sum,f_polvo,dev,298,-0.03819909947718527,0.5112535002352598,0.004842407178393705,0.933659056675562,-0.15352091010396796,0.07997341392398641,-1.0,True,True,,
FE03_fe_metalizado_implicito_kg,Fusión,balance_Fe,sum,f_polvo,lockbox,63,0.1525057603686636,0.23277852420543185,0.07080017316457704,0.5813605495868439,-0.0632918073261221,0.3860834746073687,-1.0,False,True,,
FE03_fe_metalizado_implicito_kg,Fusión,balance_Fe,sum,f_polvo,total,361,-0.019373236814047328,0.7137314000942263,0.009048207864768653,0.8639696162405363,-0.1186840083371967,0.08109166254120054,-1.0,True,True,,
FE03_fe_metalizado_implicito_kg,Fusión,balance_Fe,sum,recuperacion_real_pct,dev,298,0.06646859608633755,0.25267799482592157,0.09953638268307824,0.086289309414947,-0.044631708753178324,0.17741890620850279,,,True,,
FE03_fe_metalizado_implicito_kg,Fusión,balance_Fe,sum,recuperacion_real_pct,lockbox,63,0.38445660522273434,0.0018649831759416898,0.34804246916992226,0.005187566437333952,0.1456606259467778,0.5914170935245153,,,True,,
FE03_fe_metalizado_implicito_kg,Fusión,balance_Fe,sum,recuperacion_real_pct,total,361,0.11843890767920089,0.024419672193376592,0.11378215272008903,0.030665454265263983,0.0062134869986629464,0.224615421081772,,,True,,
FE04_pureza_feo_fe_total,Reducción,balance_Fe,last,rendimiento_proxy_batch,dev,287,0.017693587755434025,0.7653493501785826,-0.010775055291690587,0.8557791981734155,-0.09537679688901637,0.13686523536925843,,,True,0.9184192202142991,False
FE04_pureza_feo_fe_total,Reducción,balance_Fe,last,rendimiento_proxy_batch,lockbox,63,0.13093933532440585,0.3063555924612879,0.11780892901571717,0.35780162804922105,-0.13508342630414455,0.3707876937028421,,,True,,
FE04_pureza_feo_fe_total,Reducción,balance_Fe,last,rendimiento_proxy_batch,total,350,0.0429980906040079,0.42260276913937483,0.01452802403671221,0.7865168290794129,-0.05801923831614025,0.15222625924291375,,,True,,
FE04_pureza_feo_fe_total,Reducción,balance_Fe,last,f_metal,dev,287,0.017693587755434025,0.7653493501785826,-0.010775055291690474,0.8557791981734155,-0.09547505460099241,0.12267081130086778,,,True,,
FE04_pureza_feo_fe_total,Reducción,balance_Fe,last,f_metal,lockbox,63,0.13093933532440585,0.3063555924612879,0.11780892901571713,0.35780162804922105,-0.11042231006298388,0.36735887903966635,,,True,,
FE04_pureza_feo_fe_total,Reducción,balance_Fe,last,f_metal,total,350,0.0429980906040079,0.42260276913937483,0.014528024036712814,0.7865168290794057,-0.055150667484962015,0.1421287231175086,,,True,,
FE04_pureza_feo_fe_total,Reducción,balance_Fe,last,f_dross,dev,287,-0.005419248019654473,0.9271684920499589,0.029167590974093,0.6226637942680454,-0.12512375746502508,0.11088065606289543,-1.0,True,True,,
FE04_pureza_feo_fe_total,Reducción,balance_Fe,last,f_dross,lockbox,63,-0.05438666982060836,0.6720399225998082,-0.0644355122321476,0.615863544614674,-0.309130727257263,0.22565048063497886,-1.0,True,True,,
FE04_pureza_feo_fe_total,Reducción,balance_Fe,last,f_dross,total,350,-0.023283707035339454,0.6642166542820912,0.007028324863858958,0.895760148075164,-0.13147728182375007,0.08111232937181281,-1.0,True,True,,
FE04_pureza_feo_fe_total,Reducción,balance_Fe,last,f_polvo,dev,287,-0.010389913252659564,0.8608809498398169,-0.017390637514950843,0.7692527130557061,-0.11705727198749158,0.10223651720913582,-1.0,True,True,,
FE04_pureza_feo_fe_total,Reducción,balance_Fe,last,f_polvo,lockbox,63,-0.05692573003632304,0.6576603742227853,-0.0830625971437522,0.517498278448126,-0.26901884491144246,0.16791926126746246,-1.0,True,True,,
FE04_pureza_feo_fe_total,Reducción,balance_Fe,last,f_polvo,total,350,-0.01779478871921828,0.7400815455535078,-0.028690653097723007,0.5926892903203395,-0.12597344870108873,0.08486730322921479,-1.0,True,True,,
FE04_pureza_feo_fe_total,Reducción,balance_Fe,last,recuperacion_real_pct,dev,287,0.01328622129311893,0.8226713542828548,-0.041585496856216805,0.4828462758490489,-0.1088867143138091,0.1254642620143758,,,True,,
FE04_pureza_feo_fe_total,Reducción,balance_Fe,last,recuperacion_real_pct,lockbox,63,0.23298416539397868,0.06612122481007475,0.2048139611566428,0.10734817845053761,0.00433613824548915,0.44029978900147315,,,True,,
FE04_pureza_feo_fe_total,Reducción,balance_Fe,last,recuperacion_real_pct,total,350,0.0511167153563725,0.34033241248301205,0.00146654315292649,0.9781898488220054,-0.04738875810606145,0.1577631596239403,,,True,,
SB01_sn_metal_eq_l06_R,Reducción,balance_Sn,sb_custom,rendimiento_proxy_batch,dev,297,0.05833044759219256,0.31640978879763654,0.012712897349774946,0.8272927349187478,-0.05663414359155561,0.1703460510256386,,,True,0.40681258559696126,False
SB01_sn_metal_eq_l06_R,Reducción,balance_Sn,sb_custom,rendimiento_proxy_batch,lockbox,63,0.01987327188940092,0.8771400565270405,-0.022503230629707563,0.8610330845188587,-0.22708372471257068,0.2630772035423907,,,True,,
SB01_sn_metal_eq_l06_R,Reducción,balance_Sn,sb_custom,rendimiento_proxy_batch,total,360,0.06799460901190081,0.19805584353605793,0.023480437838175206,0.6570268072668809,-0.03376015801767549,0.1784250300247249,,,True,,
SB01_sn_metal_eq_l06_R,Reducción,balance_Sn,sb_custom,f_metal,dev,297,0.05833044759219256,0.31640978879763654,0.012712897349774856,0.8272927349187508,-0.05372034337746955,0.16996479203966056,,,True,,
SB01_sn_metal_eq_l06_R,Reducción,balance_Sn,sb_custom,f_metal,lockbox,63,0.01987327188940092,0.8771400565270405,-0.022503230629707653,0.861033084518855,-0.20905169388780667,0.2671272754188529,,,True,,
SB01_sn_metal_eq_l06_R,Reducción,balance_Sn,sb_custom,f_metal,total,360,0.06799460901190081,0.19805584353605793,0.02348043783817511,0.6570268072668809,-0.03218058930981,0.1724490917801123,,,True,,
SB01_sn_metal_eq_l06_R,Reducción,balance_Sn,sb_custom,f_dross,dev,297,-0.13293968159739972,0.02193104277053938,-0.09213567458266467,0.11307686471904685,-0.24753951440478023,-0.019690500074867428,-1.0,True,True,,
SB01_sn_metal_eq_l06_R,Reducción,balance_Sn,sb_custom,f_dross,lockbox,63,-0.09120583717357912,0.4771393210754895,-0.001843898196230473,0.9885567975037932,-0.3468143969699912,0.17940488866293952,-1.0,True,True,,
SB01_sn_metal_eq_l06_R,Reducción,balance_Sn,sb_custom,f_dross,total,360,-0.14085525351275857,0.00743727333470809,-0.09584432702821548,0.06931249806387982,-0.23874864367634965,-0.029036572787211154,-1.0,True,True,,
SB01_sn_metal_eq_l06_R,Reducción,balance_Sn,sb_custom,f_polvo,dev,297,0.08159776616152456,0.16072408696919843,0.08544196849000284,0.14184409038357185,-0.03698677805337092,0.19091034232539947,-1.0,False,True,,
SB01_sn_metal_eq_l06_R,Reducción,balance_Sn,sb_custom,f_polvo,lockbox,63,0.06758832565284179,0.5986620741370872,0.03403932283815159,0.7911287419508712,-0.20262186638103974,0.3203896749813075,-1.0,False,True,,
SB01_sn_metal_eq_l06_R,Reducción,balance_Sn,sb_custom,f_polvo,total,360,0.080559777981826,0.12708979645867305,0.07750019970806832,0.14222460201715878,-0.02753446465394988,0.18213676741899015,-1.0,False,True,,
SB01_sn_metal_eq_l06_R,Reducción,balance_Sn,sb_custom,recuperacion_real_pct,dev,297,0.1819052121065544,0.0016440146611562303,0.1414366136457057,0.014708774485371442,0.07083056077323155,0.2827357452577728,,,True,,
SB01_sn_metal_eq_l06_R,Reducción,balance_Sn,sb_custom,recuperacion_real_pct,lockbox,63,0.207613287250384,0.10252687789429761,0.1203283271057903,0.34754073307766165,-0.04953082005666304,0.45861146746619325,,,True,,
SB01_sn_metal_eq_l06_R,Reducción,balance_Sn,sb_custom,recuperacion_real_pct,total,360,0.20190613610701727,0.0001146106699089474,0.15385239169815443,0.0034287171972654357,0.10118938976890329,0.30527018449320786,,,True,,
SB02_sn_metal_eq_l15_R,Reducción,balance_Sn,sb_custom,rendimiento_proxy_batch,dev,297,0.12008530800477112,0.038614092384789994,0.10313613240592436,0.07595470016372916,0.01563869219113658,0.22185339261656717,,,True,0.07722818476957999,False
SB02_sn_metal_eq_l15_R,Reducción,balance_Sn,sb_custom,rendimiento_proxy_batch,lockbox,63,0.00811251920122888,0.9496847181499031,0.012790928142675254,0.9207445857682063,-0.23559508184840067,0.23086082231024643,,,True,,
SB02_sn_metal_eq_l15_R,Reducción,balance_Sn,sb_custom,rendimiento_proxy_batch,total,360,0.11869253106376848,0.024311711963995734,0.10391613746167837,0.04882120180801755,0.019140320396169128,0.21744949227269134,,,True,,
SB02_sn_metal_eq_l15_R,Reducción,balance_Sn,sb_custom,f_metal,dev,297,0.12008530800477112,0.038614092384789994,0.10313613240592429,0.07595470016372916,0.01599884606646486,0.2236603300845396,,,True,,
SB02_sn_metal_eq_l15_R,Reducción,balance_Sn,sb_custom,f_metal,lockbox,63,0.00811251920122888,0.9496847181499031,0.012790928142675125,0.9207445857682082,-0.24417770549524873,0.23754901588104796,,,True,,
SB02_sn_metal_eq_l15_R,Reducción,balance_Sn,sb_custom,f_metal,total,360,0.11869253106376848,0.024311711963995734,0.10391613746167828,0.04882120180801755,0.023533288456391153,0.21414855622880527,,,True,,
SB02_sn_metal_eq_l15_R,Reducción,balance_Sn,sb_custom,f_dross,dev,297,-0.16767530190348984,0.0037552280657216592,-0.15742499663766163,0.006556992825949643,-0.2740652090268813,-0.05160006850737911,-1.0,True,True,,
SB02_sn_metal_eq_l15_R,Reducción,balance_Sn,sb_custom,f_dross,lockbox,63,-0.07094854070660522,0.5805668675872159,0.010216881370047615,0.9366571059460284,-0.3077380901549792,0.18121262009723793,-1.0,True,True,,
SB02_sn_metal_eq_l15_R,Reducción,balance_Sn,sb_custom,f_dross,total,360,-0.16360825829417405,0.001842792868210231,-0.14607242809923932,0.005489700677879972,-0.26731422833093593,-0.05826117180346627,-1.0,True,True,,
SB02_sn_metal_eq_l15_R,Reducción,balance_Sn,sb_custom,f_polvo,dev,297,0.042486812621040815,0.4657287246813675,0.03133262665126442,0.590693215367784,-0.0635877787069872,0.15299613853216829,-1.0,False,True,,
SB02_sn_metal_eq_l15_R,Reducción,balance_Sn,sb_custom,f_polvo,lockbox,63,0.04603494623655914,0.7201456431800343,-0.03112209583454706,0.8086748169365383,-0.22372364763237737,0.3166340182253652,-1.0,False,True,,
SB02_sn_metal_eq_l15_R,Reducción,balance_Sn,sb_custom,f_polvo,total,360,0.04029737883779968,0.44591701852606846,0.021622872378474208,0.68262320967707,-0.06347069036809472,0.1369222392315752,-1.0,False,True,,
SB02_sn_metal_eq_l15_R,Reducción,balance_Sn,sb_custom,recuperacion_real_pct,dev,297,0.1831094364651412,0.0015286927864898755,0.1654529237950997,0.004248840593036873,0.06748668308628605,0.2953208423889467,,,True,,
SB02_sn_metal_eq_l15_R,Reducción,balance_Sn,sb_custom,recuperacion_real_pct,lockbox,63,0.21745391705069125,0.08690104503373952,0.16115537324464288,0.20702696046721178,-0.01935636808187286,0.4556729318881934,,,True,,
SB02_sn_metal_eq_l15_R,Reducción,balance_Sn,sb_custom,recuperacion_real_pct,total,360,0.20494216776364013,8.979469235004576e-05,0.17940709499964164,0.0006263017519816048,0.10753247861184503,0.30037980837833184,,,True,,
SB03_sn_metal_eq_l06_F,Fusión,balance_Sn,sb_custom,rendimiento_proxy_batch,dev,298,-0.030240906517533302,0.6030887161379244,-0.03695581446361654,0.5251074371104929,-0.13447755438604456,0.07991138979599496,,,False,0.6579149630595539,False
SB03_sn_metal_eq_l06_F,Fusión,balance_Sn,sb_custom,rendimiento_proxy_batch,lockbox,63,-0.21846198156682028,0.08541251913678875,-0.2539334271453627,0.04461970205382087,-0.4382334665940249,0.005961368879099551,,,False,,
SB03_sn_metal_eq_l06_F,Fusión,balance_Sn,sb_custom,rendimiento_proxy_batch,total,361,-0.07212214893150293,0.17151575366341149,-0.06418795694702684,0.22375778713762784,-0.16246501765079024,0.026932312017658454,,,False,,
SB03_sn_metal_eq_l06_F,Fusión,balance_Sn,sb_custom,f_metal,dev,298,-0.030240906517533302,0.6030887161379244,-0.03695581446361651,0.5251074371104959,-0.13967541981111392,0.08312348360643369,,,False,,
SB03_sn_metal_eq_l06_F,Fusión,balance_Sn,sb_custom,f_metal,lockbox,63,-0.21846198156682028,0.08541251913678875,-0.25393342714536254,0.04461970205382087,-0.4351938487841929,0.021650581594553086,,,False,,
SB03_sn_metal_eq_l06_F,Fusión,balance_Sn,sb_custom,f_metal,total,361,-0.07212214893150293,0.17151575366341149,-0.0641879569470268,0.22375778713762823,-0.17513919321207003,0.03001334883035712,,,False,,
SB03_sn_metal_eq_l06_F,Fusión,balance_Sn,sb_custom,f_dross,dev,298,0.1291097774902852,0.025830580238118878,0.07151759829084946,0.2183328348753941,0.006887360053344975,0.24323580491607477,-1.0,False,False,,
SB03_sn_metal_eq_l06_F,Fusión,balance_Sn,sb_custom,f_dross,lockbox,63,0.18687596006144394,0.14250309419665516,0.1663213117193974,0.1926449971822151,-0.06493773118437582,0.4264660428711405,-1.0,False,False,,
SB03_sn_metal_eq_l06_F,Fusión,balance_Sn,sb_custom,f_dross,total,361,0.15350009947812243,0.0034586079582457283,0.0869591690762969,0.09902062589204548,0.05437568679739476,0.25405153479725257,-1.0,False,False,,
SB03_sn_metal_eq_l06_F,Fusión,balance_Sn,sb_custom,f_polvo,dev,298,-0.10553765528962494,0.06886728137520032,-0.027940315596575123,0.6309491496311734,-0.222465124389254,0.011851525249813798,-1.0,True,False,,
SB03_sn_metal_eq_l06_F,Fusión,balance_Sn,sb_custom,f_polvo,lockbox,63,0.06480414746543779,0.6138414017454649,0.14381156666424033,0.2608145039305147,-0.20640143466822655,0.31212802247248955,-1.0,False,False,,
SB03_sn_metal_eq_l06_F,Fusión,balance_Sn,sb_custom,f_polvo,total,361,-0.07810639567805817,0.13856973673534578,-0.009380059271207162,0.8590316746895788,-0.16906528539162166,0.02154990781712954,-1.0,True,False,,
SB03_sn_metal_eq_l06_F,Fusión,balance_Sn,sb_custom,recuperacion_real_pct,dev,298,-0.12278494128508717,0.0341148355446564,-0.06390336579504352,0.27149285324265227,-0.24529741979322534,-0.004127905248706464,,,False,,
SB03_sn_metal_eq_l06_F,Fusión,balance_Sn,sb_custom,recuperacion_real_pct,lockbox,63,-0.28110599078341014,0.025632109621008623,-0.24084037521634913,0.057246613092790825,-0.5314600185364219,-0.022685782445468428,,,False,,
SB03_sn_metal_eq_l06_F,Fusión,balance_Sn,sb_custom,recuperacion_real_pct,total,361,-0.16596419807879684,0.0015542641573582394,-0.08593126302451579,0.10309136433936388,-0.27449917156424286,-0.054296048066098834,,,False,,
SB04_sn_metal_eq_l15_F,Fusión,balance_Sn,sb_custom,rendimiento_proxy_batch,dev,298,-0.042715544028645865,0.46257037744143437,-0.05165244155409283,0.37426904834740476,-0.1563907519454911,0.06956490305001603,,,False,0.6167605032552458,False
SB04_sn_metal_eq_l15_F,Fusión,balance_Sn,sb_custom,rendimiento_proxy_batch,lockbox,63,-0.1569220430107527,0.21936647688957323,-0.22159591074393517,0.08091296403304732,-0.40809035238361707,0.08081549633140479,,,False,,
SB04_sn_metal_eq_l15_F,Fusión,balance_Sn,sb_custom,rendimiento_proxy_batch,total,361,-0.08197685985828192,0.1199993414716597,-0.07539466795063389,0.1528416242305413,-0.1782231737458494,0.014001795342875715,,,False,,
SB04_sn_metal_eq_l15_F,Fusión,balance_Sn,sb_custom,f_metal,dev,298,-0.042715544028645865,0.46257037744143437,-0.05165244155409279,0.37426904834740476,-0.155630674354087,0.06488474659110015,,,False,,
SB04_sn_metal_eq_l15_F,Fusión,balance_Sn,sb_custom,f_metal,lockbox,63,-0.1569220430107527,0.21936647688957323,-0.2215959107439351,0.08091296403304732,-0.3827478398041276,0.1001435853233798,,,False,,
SB04_sn_metal_eq_l15_F,Fusión,balance_Sn,sb_custom,f_metal,total,361,-0.08197685985828192,0.1199993414716597,-0.07539466795063389,0.1528416242305413,-0.17891210872608587,0.025925359871519713,,,False,,
SB04_sn_metal_eq_l15_F,Fusión,balance_Sn,sb_custom,f_dross,dev,298,0.14225099868519767,0.013978165951517347,0.07744381120689137,0.18244255400054232,0.023161593895474467,0.25359158228011164,-1.0,False,False,,
SB04_sn_metal_eq_l15_F,Fusión,balance_Sn,sb_custom,f_dross,lockbox,63,0.05813172043010753,0.6508730834399286,0.08225295823310652,0.5216029868885054,-0.1966361265827598,0.2785990270846213,-1.0,False,False,,
SB04_sn_metal_eq_l15_F,Fusión,balance_Sn,sb_custom,f_dross,total,361,0.1491717808624498,0.0045065092622536915,0.08406704759402368,0.11081108395230874,0.043727093693903936,0.2556726385969233,-1.0,False,False,,
SB04_sn_metal_eq_l15_F,Fusión,balance_Sn,sb_custom,f_polvo,dev,298,-0.09168903916496562,0.1142271828572068,-0.013912645961821807,0.8109724374996558,-0.19937336286993435,0.014477930062992084,-1.0,True,False,,
SB04_sn_metal_eq_l15_F,Fusión,balance_Sn,sb_custom,f_polvo,lockbox,63,0.13215245775729648,0.30185684465664975,0.20625444433644852,0.1048458072652894,-0.12282123627964728,0.3555276391670254,-1.0,False,False,,
SB04_sn_metal_eq_l15_F,Fusión,balance_Sn,sb_custom,f_polvo,total,361,-0.05186483218805956,0.3257670672660198,0.009779230718865262,0.8530992958582493,-0.1513438976137893,0.04922543352371774,-1.0,True,False,,
SB04_sn_metal_eq_l15_F,Fusión,balance_Sn,sb_custom,recuperacion_real_pct,dev,298,-0.03199261588523333,0.5822522052343958,-0.01640941863635545,0.7778676255380784,-0.14308661472210307,0.07512540162163306,,,False,,
SB04_sn_metal_eq_l15_F,Fusión,balance_Sn,sb_custom,recuperacion_real_pct,lockbox,63,-0.1737711213517665,0.17318726687178607,-0.21453836635148948,0.09132132222151215,-0.4354585491847655,0.09907638255302484,,,False,,
SB04_sn_metal_eq_l15_F,Fusión,balance_Sn,sb_custom,recuperacion_real_pct,total,361,-0.0868469516332267,0.09945872219939482,-0.04298005658027628,0.415550311642664,-0.1903344036144147,0.016250666609581955,,,False,,
MX01_nbo_t_F,Fusión,matriz,last,rendimiento_proxy_batch,dev,298,0.17778126940659766,0.0020654266921327252,0.1883175194527215,0.0010889518758778207,0.07884638135229115,0.29057783311729557,,,True,0.012392560152796352,True
MX01_nbo_t_F,Fusión,matriz,last,rendimiento_proxy_batch,lockbox,63,0.20962941628264212,0.0991598156088328,0.24003696170358618,0.058107292374711225,-0.06839004655260274,0.4484725119397927,,,True,,
MX01_nbo_t_F,Fusión,matriz,last,rendimiento_proxy_batch,total,361,0.18734179152446395,0.00034506163256152337,0.19814972297126396,0.00015099455659040435,0.0874088159808347,0.2927572741098951,,,True,,
MX01_nbo_t_F,Fusión,matriz,last,f_metal,dev,298,0.17778126940659766,0.0020654266921327252,0.18831751945272135,0.0010889518758778454,0.06959475841702965,0.2818264293948412,,,True,,
MX01_nbo_t_F,Fusión,matriz,last,f_metal,lockbox,63,0.20962941628264212,0.0991598156088328,0.2400369617035863,0.058107292374711225,-0.05672604846002796,0.4512328776539139,,,True,,
MX01_nbo_t_F,Fusión,matriz,last,f_metal,total,361,0.18734179152446395,0.00034506163256152337,0.19814972297126382,0.00015099455659040435,0.08620891631968172,0.2832801762262685,,,True,,
MX01_nbo_t_F,Fusión,matriz,last,f_dross,dev,298,0.008774644607734774,0.8801018146743278,-0.02386813548974365,0.6815457568805448,-0.1026769594451646,0.12879224660699592,-1.0,False,True,,
MX01_nbo_t_F,Fusión,matriz,last,f_dross,lockbox,63,-0.24510368663594476,0.052850820950347925,-0.2302590307626664,0.06944612759358659,-0.4754239193435537,-0.005363105045368799,-1.0,True,True,,
MX01_nbo_t_F,Fusión,matriz,last,f_dross,total,361,-0.041194145584956855,0.4352110331394828,-0.06122347030493592,0.2459265305406367,-0.142307377340026,0.06656810328774039,-1.0,True,True,,
MX01_nbo_t_F,Fusión,matriz,last,f_polvo,dev,298,-0.25360856437599943,9.326088685385574e-06,-0.23788238105401877,3.340195563353532e-05,-0.35969905633779253,-0.14778900998092384,-1.0,True,True,,
MX01_nbo_t_F,Fusión,matriz,last,f_polvo,lockbox,63,-0.01670506912442396,0.8966089590256835,-0.04214855441419682,0.742918953580035,-0.2787605628393669,0.23892469483406878,-1.0,True,True,,
MX01_nbo_t_F,Fusión,matriz,last,f_polvo,total,361,-0.22051187870811076,2.3646509575864432e-05,-0.20947774142413333,6.049776594162965e-05,-0.3174349620462564,-0.12448981925744895,-1.0,True,True,,
MX01_nbo_t_F,Fusión,matriz,last,recuperacion_real_pct,dev,298,0.1758722100128578,0.002310989818999641,0.19866364481123813,0.0005616286912321809,0.07359124082222801,0.28090812166619306,,,True,,
MX01_nbo_t_F,Fusión,matriz,last,recuperacion_real_pct,lockbox,63,0.3365495391705069,0.006997770089317923,0.3350078653798357,0.007278462841506371,0.11041218156113064,0.5550336167198824,,,True,,
MX01_nbo_t_F,Fusión,matriz,last,recuperacion_real_pct,total,361,0.20458109507557784,9.03870634601873e-05,0.2192611365672924,2.6367435948628115e-05,0.1024554835995665,0.29145464502098123,,,True,,
MX02_nbo_t_R,Reducción,matriz,twmean,rendimiento_proxy_batch,dev,299,0.17860339835245,0.0019327818730391936,0.17748110826458433,0.0020660252707940395,0.05906365159685362,0.28865566883003696,,,True,0.004348759214338186,True
MX02_nbo_t_R,Reducción,matriz,twmean,rendimiento_proxy_batch,lockbox,63,0.21159754224270355,0.0959565429131228,0.21806526230375822,0.08599590504133084,-0.06198480820743002,0.45858066895419086,,,True,,
MX02_nbo_t_R,Reducción,matriz,twmean,rendimiento_proxy_batch,total,362,0.20047162622129475,0.00012298685788850457,0.19289411477377877,0.00022240980653338448,0.10324337714781544,0.3057824498685334,,,True,,
MX02_nbo_t_R,Reducción,matriz,twmean,f_metal,dev,299,0.17860339835245,0.0019327818730391936,0.17748110826458427,0.0020660252707940816,0.0654931280304761,0.2935308698141529,,,True,,
MX02_nbo_t_R,Reducción,matriz,twmean,f_metal,lockbox,63,0.21159754224270355,0.0959565429131228,0.21806526230375836,0.08599590504133005,-0.061410880636417926,0.4558372623034722,,,True,,
MX02_nbo_t_R,Reducción,matriz,twmean,f_metal,total,362,0.20047162622129475,0.00012298685788850457,0.19289411477377885,0.00022240980653338448,0.10793235082385653,0.3050845001602848,,,True,,
MX02_nbo_t_R,Reducción,matriz,twmean,f_dross,dev,299,-0.023423941101209853,0.6866564915739758,-0.06682555443810442,0.2493334530022615,-0.13755598363851515,0.08535248690025488,-1.0,True,True,,
MX02_nbo_t_R,Reducción,matriz,twmean,f_dross,lockbox,63,-0.22926267281105994,0.07069468185581917,-0.21816466477567747,0.08584943723506153,-0.46518170701368927,0.004223933799508794,-1.0,True,True,,
MX02_nbo_t_R,Reducción,matriz,twmean,f_dross,total,362,-0.08408462609569808,0.11023994761204721,-0.10178251277775913,0.053005719741369785,-0.19419223862715854,0.019980030750950215,-1.0,True,True,,
MX02_nbo_t_R,Reducción,matriz,twmean,f_polvo,dev,299,-0.1773643689255011,0.002080355911743592,-0.17562361376148677,0.002305086731507818,-0.2854307219089087,-0.06574250371255286,-1.0,True,True,,
MX02_nbo_t_R,Reducción,matriz,twmean,f_polvo,lockbox,63,-0.024721582181259603,0.8474903815975302,-0.026755971962706914,0.8351091252435034,-0.291010437672331,0.2316695457755991,-1.0,True,True,,
MX02_nbo_t_R,Reducción,matriz,twmean,f_polvo,total,362,-0.14879005385731636,0.004554807995618929,-0.15609407018815208,0.0029023543084895536,-0.25681299250889333,-0.039454513719100276,-1.0,True,True,,
MX02_nbo_t_R,Reducción,matriz,twmean,recuperacion_real_pct,dev,299,0.22897488271868194,6.442788219899818e-05,0.2042572077737122,0.0003784227139573456,0.12078509994147585,0.33978507300314326,,,True,,
MX02_nbo_t_R,Reducción,matriz,twmean,recuperacion_real_pct,lockbox,63,0.3179243471582181,0.011111662953343274,0.2976555823939041,0.01782502781762922,0.0964853632201804,0.5166972020742402,,,True,,
MX02_nbo_t_R,Reducción,matriz,twmean,recuperacion_real_pct,total,362,0.26783697123077516,2.3019404397781333e-07,0.22649795994256347,1.354002667474667e-05,0.1666885410636818,0.3718942397101513,,,True,,
MX03_feo_sio2_F,Fusión,matriz,last,rendimiento_proxy_batch,dev,298,0.1969679965011158,0.0006274484785553538,0.19547262321233422,0.0006913463549524756,0.07789196230801225,0.30992692156342966,,,True,0.007529381742664246,True
MX03_feo_sio2_F,Fusión,matriz,last,rendimiento_proxy_batch,lockbox,63,0.3043394777265745,0.015305158610479937,0.3125104863995552,0.012645391657945692,0.042869527829756525,0.5253950886629148,,,True,,
MX03_feo_sio2_F,Fusión,matriz,last,rendimiento_proxy_batch,total,361,0.2238693928773664,1.759727285899979e-05,0.22697835261297802,1.3331105796203405e-05,0.121397544069945,0.32471847768606715,,,True,,
MX03_feo_sio2_F,Fusión,matriz,last,f_metal,dev,298,0.1969679965011158,0.0006274484785553538,0.19547262321233422,0.0006913463549524756,0.08568867618459809,0.3138779910562435,,,True,,
MX03_feo_sio2_F,Fusión,matriz,last,f_metal,lockbox,63,0.3043394777265745,0.015305158610479937,0.3125104863995554,0.01264539165794563,0.0660857969181875,0.5265128978805205,,,True,,
MX03_feo_sio2_F,Fusión,matriz,last,f_metal,total,361,0.2238693928773664,1.759727285899979e-05,0.226978352612978,1.3331105796203405e-05,0.11504103190726374,0.32800940294013736,,,True,,
MX03_feo_sio2_F,Fusión,matriz,last,f_dross,dev,298,-0.02827425792117942,0.6268712707391683,-0.049178446311073945,0.3976109676564926,-0.13893739072865446,0.09109074759106367,-1.0,True,True,,
MX03_feo_sio2_F,Fusión,matriz,last,f_dross,lockbox,63,-0.4100902457757296,0.0008440492159967639,-0.3816233115059187,0.002028067501365126,-0.611773933560963,-0.18789649811923084,-1.0,True,True,,
MX03_feo_sio2_F,Fusión,matriz,last,f_dross,total,361,-0.11014651341934363,0.03644794291981637,-0.12294787912423992,0.019450614965321505,-0.2130039651692826,-0.011976415175527414,-1.0,True,True,,
MX03_feo_sio2_F,Fusión,matriz,last,f_polvo,dev,298,-0.2413606560090365,2.537389917670804e-05,-0.21967313760227242,0.00013183266573362252,-0.33894168183150913,-0.12410089282254028,-1.0,True,True,,
MX03_feo_sio2_F,Fusión,matriz,last,f_polvo,lockbox,63,0.04656298003072197,0.7170695882458282,0.05022333791333322,0.6958714635221428,-0.2095741241011536,0.28858521009783883,-1.0,False,True,,
MX03_feo_sio2_F,Fusión,matriz,last,f_polvo,total,361,-0.19433612382220447,0.0002031558810917286,-0.1791818589299829,0.000625360254152391,-0.30421110556834885,-0.09682390088274201,-1.0,True,True,,
MX03_feo_sio2_F,Fusión,matriz,last,recuperacion_real_pct,dev,298,0.2687096322929413,2.5264033697805408e-06,0.2483472694342872,1.4426924223903102e-05,0.16258646778730265,0.38022330273663674,,,True,,
MX03_feo_sio2_F,Fusión,matriz,last,recuperacion_real_pct,lockbox,63,0.35171850998463905,0.0047030248150532515,0.3193729655861219,0.010729675560346581,0.11932941330228237,0.5585207910037867,,,True,,
MX03_feo_sio2_F,Fusión,matriz,last,recuperacion_real_pct,total,361,0.2952224994005805,1.079684973474809e-08,0.274319564654302,1.1841221668406245e-07,0.20380064864815342,0.38282753408826,,,True,,
MX04_feo_sio2_R,Reducción,matriz,twmean,rendimiento_proxy_batch,dev,299,0.29081546991088864,3.0771263283783746e-07,0.1265839595046965,0.028634399117454884,0.17852523489415786,0.39856380213300036,,,True,1.3847068477702687e-06,True
MX04_feo_sio2_R,Reducción,matriz,twmean,rendimiento_proxy_batch,lockbox,63,0.35815092165898615,0.003950598885393486,0.37083359411178435,0.0027722418195380125,0.13725127880938212,0.5753668574751982,,,True,,
MX04_feo_sio2_R,Reducción,matriz,twmean,rendimiento_proxy_batch,total,362,0.3195241088044019,4.902497719512311e-10,0.14162218716770214,0.006958111257218386,0.21703579535303122,0.4160031273421327,,,True,,
MX04_feo_sio2_R,Reducción,matriz,twmean,f_metal,dev,299,0.29081546991088864,3.0771263283783746e-07,0.12658395950469653,0.028634399117454884,0.17737206261625857,0.39598130884203275,,,True,,
MX04_feo_sio2_R,Reducción,matriz,twmean,f_metal,lockbox,63,0.35815092165898615,0.003950598885393486,0.3708335941117844,0.0027722418195380125,0.1089564022264989,0.5912849493912913,,,True,,
MX04_feo_sio2_R,Reducción,matriz,twmean,f_metal,total,362,0.3195241088044019,4.902497719512311e-10,0.14162218716770217,0.006958111257218386,0.21819013165185047,0.4140632985889838,,,True,,
MX04_feo_sio2_R,Reducción,matriz,twmean,f_dross,dev,299,-0.10981032973446163,0.057882874849777353,-0.047722941733341864,0.41095233753501503,-0.22325536674998894,0.003976216442076171,-1.0,True,True,,
MX04_feo_sio2_R,Reducción,matriz,twmean,f_dross,lockbox,63,-0.39256912442396313,0.0014609801685864282,-0.4142005946250362,0.0007388916132452549,-0.5813387087242634,-0.17842217720537293,-1.0,True,True,,
MX04_feo_sio2_R,Reducción,matriz,twmean,f_dross,total,362,-0.18213248968127918,0.0004967666557063312,-0.07505695045005056,0.15412026403340287,-0.2802834392724599,-0.07707718647951141,-1.0,True,True,,
MX04_feo_sio2_R,Reducción,matriz,twmean,f_polvo,dev,299,-0.2436138358286009,2.051842036491336e-05,-0.12519022251258524,0.0304493832812562,-0.35497711788705744,-0.12361278670055867,-1.0,True,True,,
MX04_feo_sio2_R,Reducción,matriz,twmean,f_polvo,lockbox,63,-0.04377880184331798,0.7333380717427959,0.009971934922741996,0.9381727272613141,-0.27942542767248624,0.22279571472592083,-1.0,True,True,,
MX04_feo_sio2_R,Reducción,matriz,twmean,f_polvo,total,362,-0.20984672780218108,5.729398787576111e-05,-0.11422329760228662,0.029791890092528712,-0.30320622543585257,-0.10400618551237212,-1.0,True,True,,
MX04_feo_sio2_R,Reducción,matriz,twmean,recuperacion_real_pct,dev,299,0.26095126933177704,4.8114854547138704e-06,0.07630138577015677,0.18825234486491554,0.15761800625707983,0.36021249419836254,,,True,,
MX04_feo_sio2_R,Reducción,matriz,twmean,recuperacion_real_pct,lockbox,63,0.46620583717357905,0.00011767657494642722,0.4039816432035901,0.0010254334732430347,0.26391979314603614,0.6514912759197967,,,True,,
MX04_feo_sio2_R,Reducción,matriz,twmean,recuperacion_real_pct,total,362,0.31820287744105585,5.827089318027595e-10,0.09754766408671625,0.06374264169056984,0.222898386078666,0.40544810396654973,,,True,,
MX05_al2o3_sobre_mod_R,Reducción,matriz,twmean,rendimiento_proxy_batch,dev,299,0.20632219254337725,0.00032888403227349024,0.19008280608203376,0.0009557511355285193,0.09236523747213517,0.30931880625805064,,,True,0.0008457017972746892,True
MX05_al2o3_sobre_mod_R,Reducción,matriz,twmean,rendimiento_proxy_batch,lockbox,63,0.29968317972350234,0.01702563491115658,0.31878412502903253,0.010883551790924902,0.045801789172797425,0.5197923717482318,,,True,,
MX05_al2o3_sobre_mod_R,Reducción,matriz,twmean,rendimiento_proxy_batch,total,362,0.2208628073371218,2.23375762874267e-05,0.20585316598324174,7.96623884836436e-05,0.12390402076148439,0.31738837284092475,,,True,,
MX05_al2o3_sobre_mod_R,Reducción,matriz,twmean,f_metal,dev,299,0.20632219254337725,0.00032888403227349024,0.19008280608203368,0.0009557511355285342,0.09296840205000559,0.32246137047142037,,,True,,
MX05_al2o3_sobre_mod_R,Reducción,matriz,twmean,f_metal,lockbox,63,0.29968317972350234,0.01702563491115658,0.3187841250290325,0.010883551790924902,0.04945649082796347,0.5153145540246654,,,True,,
MX05_al2o3_sobre_mod_R,Reducción,matriz,twmean,f_metal,total,362,0.2208628073371218,2.23375762874267e-05,0.20585316598324163,7.96623884836436e-05,0.1252258666569408,0.32059223643221035,,,True,,
MX05_al2o3_sobre_mod_R,Reducción,matriz,twmean,f_dross,dev,299,-0.05176853493748738,0.37238736150865737,-0.0620305509749016,0.2850040661191169,-0.16597906599322218,0.06296872825126777,-1.0,True,True,,
MX05_al2o3_sobre_mod_R,Reducción,matriz,twmean,f_dross,lockbox,63,-0.363239247311828,0.0034330272363745943,-0.3599433002440426,0.003760896623351589,-0.5715328440610706,-0.13666622520330884,-1.0,True,True,,
MX05_al2o3_sobre_mod_R,Reducción,matriz,twmean,f_dross,total,362,-0.10930312065336571,0.03764741719116277,-0.10537102850893972,0.04512714799853097,-0.20919248240248411,0.000464926178633255,-1.0,True,True,,
MX05_al2o3_sobre_mod_R,Reducción,matriz,twmean,f_polvo,dev,299,-0.20269039976655967,0.00042054789426538924,-0.19882221538800143,0.0005439092163582428,-0.3096468057645103,-0.08482458339064192,-1.0,True,True,,
MX05_al2o3_sobre_mod_R,Reducción,matriz,twmean,f_polvo,lockbox,63,0.02188940092165899,0.8647876449932449,0.013553568644957771,0.9160356660133171,-0.24107588309302116,0.2756100832313618,-1.0,False,True,,
MX05_al2o3_sobre_mod_R,Reducción,matriz,twmean,f_polvo,total,362,-0.16366990667269898,0.001781942403046552,-0.17034293977853207,0.0011395383047596197,-0.2581080577050879,-0.0655705616710243,-1.0,True,True,,
MX05_al2o3_sobre_mod_R,Reducción,matriz,twmean,recuperacion_real_pct,dev,299,0.2525474175663846,9.846140957019565e-06,0.23475814143386411,4.1353853627439665e-05,0.14143631505995827,0.3633516128395218,,,True,,
MX05_al2o3_sobre_mod_R,Reducción,matriz,twmean,recuperacion_real_pct,lockbox,63,0.41191436251920127,0.0007958164748176601,0.3947024320863815,0.001368727862876104,0.22491896185604857,0.5969022410083842,,,True,,
MX05_al2o3_sobre_mod_R,Reducción,matriz,twmean,recuperacion_real_pct,total,362,0.2762447381891389,9.190574136794667e-08,0.25261064923502036,1.1227193679489949e-06,0.17958175031297152,0.37128867272442684,,,True,,
MX06_irf_twmean_R,Reducción,matriz,twmean,rendimiento_proxy_batch,dev,299,0.3042337994657808,8.032369141825307e-08,0.2929345223288607,2.5003330688892333e-07,0.2020526605398421,0.408932026230159,,,True,7.229132227642776e-07,True
MX06_irf_twmean_R,Reducción,matriz,twmean,rendimiento_proxy_batch,lockbox,63,0.376152073732719,0.002379507562035225,0.4086544318006181,0.0008838569136221632,0.1302408914750298,0.5903181049163322,,,True,,
MX06_irf_twmean_R,Reducción,matriz,twmean,rendimiento_proxy_batch,total,362,0.33091128663726127,1.0676234155854121e-10,0.320969401472166,4.054315897421296e-10,0.22715918127631157,0.43142349541873737,,,True,,
MX06_irf_twmean_R,Reducción,matriz,twmean,f_metal,dev,299,0.3042337994657808,8.032369141825307e-08,0.2929345223288607,2.5003330688892333e-07,0.1853653251100982,0.41479776213470015,,,True,,
MX06_irf_twmean_R,Reducción,matriz,twmean,f_metal,lockbox,63,0.376152073732719,0.002379507562035225,0.40865443180061833,0.0008838569136221632,0.13153199751343617,0.5884676543662043,,,True,,
MX06_irf_twmean_R,Reducción,matriz,twmean,f_metal,total,362,0.33091128663726127,1.0676234155854121e-10,0.3209694014721661,4.054315897421296e-10,0.22972448132115705,0.43234549366285535,,,True,,
MX06_irf_twmean_R,Reducción,matriz,twmean,f_dross,dev,299,-0.13508204080716482,0.019453594807674182,-0.16476259889383674,0.004281695301931209,-0.24656047972381548,-0.020847269116680143,-1.0,True,True,,
MX06_irf_twmean_R,Reducción,matriz,twmean,f_dross,lockbox,63,-0.43673195084485417,0.0003455404642759194,-0.4706175942005169,9.929756313803068e-05,-0.6107388047436909,-0.21973227802432013,-1.0,True,True,,
MX06_irf_twmean_R,Reducción,matriz,twmean,f_dross,total,362,-0.20538090002341183,8.279446969063286e-05,-0.2291458147380108,1.0654462310274332e-05,-0.30471178565698537,-0.10531700175293791,-1.0,True,True,,
MX06_irf_twmean_R,Reducción,matriz,twmean,f_polvo,dev,299,-0.2364256694574757,3.631502437068623e-05,-0.22861415753659067,6.62099441294529e-05,-0.33932082509299816,-0.12545756623755852,-1.0,True,True,,
MX06_irf_twmean_R,Reducción,matriz,twmean,f_polvo,lockbox,63,-0.021697388632872506,0.8659627258919252,0.029189324900852163,0.8203522111015769,-0.27656590300605205,0.2217307686504446,-1.0,True,True,,
MX06_irf_twmean_R,Reducción,matriz,twmean,f_polvo,total,362,-0.20248041394029362,0.00010472031580796759,-0.19052024129814754,0.00026655420943289514,-0.3027637181486964,-0.09720686162029735,-1.0,True,True,,
MX06_irf_twmean_R,Reducción,matriz,twmean,recuperacion_real_pct,dev,299,0.2615178110480124,4.580634403950584e-06,0.2546800466788949,8.229352056978173e-06,0.15702113881158328,0.364037467424229,,,True,,
MX06_irf_twmean_R,Reducción,matriz,twmean,recuperacion_real_pct,lockbox,63,0.4941916282642089,3.848722636807532e-05,0.42218589278774693,0.0005678121007400162,0.31406089655895725,0.6559532007755089,,,True,,
MX06_irf_twmean_R,Reducción,matriz,twmean,recuperacion_real_pct,total,362,0.3169206025452486,6.885317011943922e-10,0.2911210784553778,1.6762060674770597e-08,0.22261287781050232,0.41393890444545267,,,True,,
MX07_irf_inicio_R,Reducción,matriz,first,rendimiento_proxy_batch,dev,299,0.2384790464860497,3.090565179017619e-05,0.23837998694565768,3.114809283148511e-05,0.12204010722320328,0.35143280909215596,,,True,9.271695537052858e-05,True
MX07_irf_inicio_R,Reducción,matriz,first,rendimiento_proxy_batch,lockbox,63,0.3786962365591398,0.0022098367404686297,0.425241479206929,0.0005124952315147357,0.11192838647526851,0.5799577114443746,,,True,,
MX07_irf_inicio_R,Reducción,matriz,first,rendimiento_proxy_batch,total,362,0.2772143494883359,8.250612916651088e-08,0.2772147433989971,8.250250589444818e-08,0.1650727952781164,0.37408909762127124,,,True,,
MX07_irf_inicio_R,Reducción,matriz,first,f_metal,dev,299,0.2384790464860497,3.090565179017619e-05,0.23837998694565765,3.114809283148511e-05,0.12031171031085235,0.35040822877308664,,,True,,
MX07_irf_inicio_R,Reducción,matriz,first,f_metal,lockbox,63,0.3786962365591398,0.0022098367404686297,0.4252414792069291,0.0005124952315147357,0.16620546717944415,0.5834699507432991,,,True,,
MX07_irf_inicio_R,Reducción,matriz,first,f_metal,total,362,0.2772143494883359,8.250612916651088e-08,0.27721474339899715,8.250250589444818e-08,0.1772215121584738,0.3790692255652832,,,True,,
MX07_irf_inicio_R,Reducción,matriz,first,f_dross,dev,299,-0.11911517137662456,0.0395517179332292,-0.14973147959846494,0.00951738823384479,-0.22865698769537368,0.00037357080174152196,-1.0,True,True,,
MX07_irf_inicio_R,Reducción,matriz,first,f_dross,lockbox,63,-0.3798963133640553,0.0021336225036118514,-0.40908914125305984,0.0008716292072638978,-0.5711018484977438,-0.15704789536210806,-1.0,True,True,,
MX07_irf_inicio_R,Reducción,matriz,first,f_dross,total,362,-0.1816741187775106,0.00051356325207699,-0.20799104687653017,6.682858948381638e-05,-0.27875280374968864,-0.0835927689308272,-1.0,True,True,,
MX07_irf_inicio_R,Reducción,matriz,first,f_polvo,dev,299,-0.16363942447980967,0.0045555982288189205,-0.16843400759712157,0.003486911453016113,-0.2789008234591652,-0.048632260350766864,-1.0,True,True,,
MX07_irf_inicio_R,Reducción,matriz,first,f_polvo,lockbox,63,-0.06230798771121352,0.62758930314229,-0.07316663722273384,0.5687607659284863,-0.3094843053382368,0.1898609274449973,-1.0,True,True,,
MX07_irf_inicio_R,Reducción,matriz,first,f_polvo,total,362,-0.15115273831713877,0.003945208044395712,-0.1528752725581682,0.0035483674723412665,-0.24709819711112238,-0.04336466808995331,-1.0,True,True,,
MX07_irf_inicio_R,Reducción,matriz,first,recuperacion_real_pct,dev,299,0.26267962559762964,4.1398171576444125e-06,0.2480939857278643,1.424705449886751e-05,0.14897331394436286,0.36960948285587636,,,True,,
MX07_irf_inicio_R,Reducción,matriz,first,recuperacion_real_pct,lockbox,63,0.3985215053763441,0.0012165685424684186,0.37135198721956303,0.002731572867438954,0.15068200749915375,0.6007000029617972,,,True,,
MX07_irf_inicio_R,Reducción,matriz,first,recuperacion_real_pct,total,362,0.3088917757711262,1.922783611019769e-09,0.27973716216823363,6.219004900871762e-08,0.21691833509881397,0.4062609831935967,,,True,,
MX08_indice_fluidez_R,Reducción,matriz,twmean,rendimiento_proxy_batch,dev,299,0.2948970842405333,2.0599335103680632e-07,0.28842562940339855,3.8809301853979405e-07,0.17952737282081976,0.4018759284795372,,,True,1.235960106220838e-06,True
MX08_indice_fluidez_R,Reducción,matriz,twmean,rendimiento_proxy_batch,lockbox,63,0.39266513056835645,0.0014567113729483105,0.4027645419702696,0.0010655212844388007,0.15578085150679488,0.6067191633664858,,,True,,
MX08_indice_fluidez_R,Reducción,matriz,twmean,rendimiento_proxy_batch,total,362,0.3250399904581951,2.36151945017997e-10,0.317532694622261,6.358758179420023e-10,0.2232140551550606,0.4140465111804371,,,True,,
MX08_indice_fluidez_R,Reducción,matriz,twmean,f_metal,dev,299,0.2948970842405333,2.0599335103680632e-07,0.28842562940339866,3.880930185397785e-07,0.18419264076429523,0.40679492461874467,,,True,,
MX08_indice_fluidez_R,Reducción,matriz,twmean,f_metal,lockbox,63,0.39266513056835645,0.0014567113729483105,0.4027645419702698,0.0010655212844387907,0.1670679586539199,0.6034871594069064,,,True,,
MX08_indice_fluidez_R,Reducción,matriz,twmean,f_metal,total,362,0.3250399904581951,2.36151945017997e-10,0.317532694622261,6.358758179420023e-10,0.22179296450567046,0.417847734343228,,,True,,
MX08_indice_fluidez_R,Reducción,matriz,twmean,f_dross,dev,299,-0.12401337792642142,0.03205762563760998,-0.15840320284559467,0.006052459943673376,-0.22999347308419651,-0.0032090165916154015,-1.0,True,True,,
MX08_indice_fluidez_R,Reducción,matriz,twmean,f_dross,lockbox,63,-0.4484927035330261,0.00022745969476184395,-0.47177294763772004,9.494189600526533e-05,-0.635073181452554,-0.25523606882983324,-1.0,True,True,,
MX08_indice_fluidez_R,Reducción,matriz,twmean,f_dross,total,362,-0.20090090625644663,0.00011884849856017421,-0.2267447685984966,1.3242490233518693e-05,-0.2985043377152719,-0.10154700862160615,-1.0,True,True,,
MX08_indice_fluidez_R,Reducción,matriz,twmean,f_polvo,dev,299,-0.23554488114744898,3.88994374414867e-05,-0.2293951510922067,6.240864687412705e-05,-0.3492359397195,-0.12542297240148864,-1.0,True,True,,
MX08_indice_fluidez_R,Reducción,matriz,twmean,f_polvo,lockbox,63,-0.02553763440860215,0.8425193178605472,0.038962508428714474,0.7617544895235078,-0.28162855226802647,0.218768009648153,-1.0,True,True,,
MX08_indice_fluidez_R,Reducción,matriz,twmean,f_polvo,total,362,-0.19904035548535517,0.00013778309896169669,-0.18841952872420334,0.0003123121283075367,-0.29564015552209816,-0.0931949536152267,-1.0,True,True,,
MX08_indice_fluidez_R,Reducción,matriz,twmean,recuperacion_real_pct,dev,299,0.2567457520594375,6.906393431694728e-06,0.2580993089774905,6.15211806980714e-06,0.14646873047687697,0.3686476676335594,,,True,,
MX08_indice_fluidez_R,Reducción,matriz,twmean,recuperacion_real_pct,lockbox,63,0.5058083717357911,2.350189736943566e-05,0.4318423315065859,0.0004093424261499101,0.3293877094948225,0.6647963619376561,,,True,,
MX08_indice_fluidez_R,Reducción,matriz,twmean,recuperacion_real_pct,total,362,0.3172987838372652,6.555192491678303e-10,0.2967869889767347,8.538830656560986e-09,0.2288422519409895,0.40975528675923917,,,True,,
TH01_sobrecal_resid_R,Reducción,termico,twmean,rendimiento_proxy_batch,dev,299,0.05945410877421382,0.305524525408676,0.0789107581811696,0.17354461125463574,-0.05897623865035256,0.17619217363380926,,,True,0.40681258559696126,False
TH01_sobrecal_resid_R,Reducción,termico,twmean,rendimiento_proxy_batch,lockbox,63,-0.047907066052227346,0.7092598973959781,-0.05063274479612851,0.6935144683369614,-0.312961770654511,0.19384354848050434,,,True,,
TH01_sobrecal_resid_R,Reducción,termico,twmean,rendimiento_proxy_batch,total,362,0.0028568497801931907,0.9568017977162785,0.024443637724045602,0.6429825647415628,-0.09823426844000846,0.10609593555757356,,,True,,
TH01_sobrecal_resid_R,Reducción,termico,twmean,f_metal,dev,299,0.05945410877421382,0.305524525408676,0.07891075818116948,0.1735446112546367,-0.05315205500809964,0.17335106725790334,,,True,,
TH01_sobrecal_resid_R,Reducción,termico,twmean,f_metal,lockbox,63,-0.047907066052227346,0.7092598973959781,-0.05063274479612849,0.6935144683369614,-0.2890686855595633,0.185078892581109,,,True,,
TH01_sobrecal_resid_R,Reducción,termico,twmean,f_metal,total,362,0.0028568497801931907,0.9568017977162785,0.02444363772404548,0.6429825647415628,-0.10491362763544167,0.11504778935079224,,,True,,
TH01_sobrecal_resid_R,Reducción,termico,twmean,f_dross,dev,299,-0.12167134295526476,0.035474464661255985,-0.1566069809396772,0.006659518277303277,-0.23706431609372336,0.0052148514875073005,-1.0,True,True,,
TH01_sobrecal_resid_R,Reducción,termico,twmean,f_dross,lockbox,63,-0.1274961597542243,0.31935903111081687,-0.13229157641142644,0.3013436913767329,-0.3449731679904284,0.09074686628776663,-1.0,True,True,,
TH01_sobrecal_resid_R,Reducción,termico,twmean,f_dross,total,362,-0.055588981947345274,0.2915120554582914,-0.092776583090525,0.07791839322886816,-0.15846488220550523,0.048546696371136254,-1.0,True,True,,
TH01_sobrecal_resid_R,Reducción,termico,twmean,f_polvo,dev,299,0.08722722273349645,0.13236224817078643,0.0646257208153258,0.26529322636429126,-0.027221967963248803,0.20238167884823277,-1.0,False,True,,
TH01_sobrecal_resid_R,Reducción,termico,twmean,f_polvo,lockbox,63,0.15221774193548387,0.23367250297004716,0.24114217237873117,0.05692598783918434,-0.09462992133153672,0.4014742456188473,-1.0,False,True,,
TH01_sobrecal_resid_R,Reducción,termico,twmean,f_polvo,total,362,0.08644478091477122,0.10056701065672531,0.07270083790877628,0.1675032519766679,-0.009191938604977334,0.17896132093804193,-1.0,False,True,,
TH01_sobrecal_resid_R,Reducción,termico,twmean,recuperacion_real_pct,dev,299,-0.09776435994702701,0.09151350610977729,-0.08498055076963974,0.1426621687075155,-0.2133131488479355,0.010238727331209826,,,True,,
TH01_sobrecal_resid_R,Reducción,termico,twmean,recuperacion_real_pct,lockbox,63,0.09528609831029186,0.4575679226694446,0.009088507068453365,0.9436407680667901,-0.13975290267122412,0.34572823475302233,,,True,,
TH01_sobrecal_resid_R,Reducción,termico,twmean,recuperacion_real_pct,total,362,-0.13623038753716832,0.00945621392528871,-0.11474726017556483,0.02904467007406501,-0.2357536826007802,-0.03730252435145205,,,True,,
TH02_sobrecal_resid_F,Fusión,termico,twmean,rendimiento_proxy_batch,dev,298,0.06964960597875684,0.23062837794790067,0.08823951165166456,0.12855765858815213,-0.05023929351690289,0.18615977389311655,,,True,0.34594256692185105,False
TH02_sobrecal_resid_F,Fusión,termico,twmean,rendimiento_proxy_batch,lockbox,63,0.05616359447004608,0.661963940209771,0.11102126099204451,0.3863585071172004,-0.17758542793999257,0.30097374411989025,,,True,,
TH02_sobrecal_resid_F,Fusión,termico,twmean,rendimiento_proxy_batch,total,361,0.010990802099753599,0.8351451934658036,0.037712037709431656,0.4750430332272682,-0.09581773012985408,0.11406214573204208,,,True,,
TH02_sobrecal_resid_F,Fusión,termico,twmean,f_metal,dev,298,0.06964960597875684,0.23062837794790067,0.08823951165166447,0.12855765858815213,-0.04301075777922663,0.1893484353044106,,,True,,
TH02_sobrecal_resid_F,Fusión,termico,twmean,f_metal,lockbox,63,0.05616359447004608,0.661963940209771,0.11102126099204448,0.3863585071172004,-0.21861464743555264,0.30622498461520337,,,True,,
TH02_sobrecal_resid_F,Fusión,termico,twmean,f_metal,total,361,0.010990802099753599,0.8351451934658036,0.03771203770943157,0.4750430332272682,-0.08295528421161914,0.11124239520017189,,,True,,
TH02_sobrecal_resid_F,Fusión,termico,twmean,f_dross,dev,298,-0.14566826034582087,0.011819165629250906,-0.18757866751901456,0.0011402203300465825,-0.2570561386288292,-0.03166150980975599,-1.0,True,True,,
TH02_sobrecal_resid_F,Fusión,termico,twmean,f_dross,lockbox,63,-0.24822388632872508,0.04981123850262149,-0.32026103332049943,0.010501172823099545,-0.45324120568117243,-0.014303098403515433,-1.0,True,True,,
TH02_sobrecal_resid_F,Fusión,termico,twmean,f_dross,total,361,-0.07126128056401544,0.1766996991815104,-0.12091174373603122,0.021573631108355654,-0.17006663988384854,0.03575649514899791,-1.0,True,True,,
TH02_sobrecal_resid_F,Fusión,termico,twmean,f_polvo,dev,298,0.08883089157381541,0.1260067330503348,0.08548887331348778,0.140950424899042,-0.02442034924702984,0.1946897183802325,-1.0,False,True,,
TH02_sobrecal_resid_F,Fusión,termico,twmean,f_polvo,lockbox,63,0.16215437788018433,0.20418811246990504,0.2550057382253285,0.0436961696252558,-0.09637542686075073,0.39248212470928534,-1.0,False,True,,
TH02_sobrecal_resid_F,Fusión,termico,twmean,f_polvo,total,361,0.08685587915703767,0.0994238129078046,0.08584884418412891,0.10342341712615219,-0.015779626016152723,0.18402324256479513,-1.0,False,True,,
TH02_sobrecal_resid_F,Fusión,termico,twmean,recuperacion_real_pct,dev,298,0.0051324676361151405,0.9296951889228074,0.006021816145696538,0.917552883751699,-0.10961765776845965,0.11682441399557106,,,True,,
TH02_sobrecal_resid_F,Fusión,termico,twmean,recuperacion_real_pct,lockbox,63,0.22283026113671275,0.07919311614385412,0.21029211331979242,0.09807206471990816,-0.06762691536572553,0.4730765619382769,,,True,,
TH02_sobrecal_resid_F,Fusión,termico,twmean,recuperacion_real_pct,total,361,-0.04807267514526356,0.3624325130071918,-0.03202124844858083,0.544216483266349,-0.1458589229619773,0.05394877908104139,,,True,,
TH03_sobrecal_ventana_R,Reducción,termico,twmean,rendimiento_proxy_batch,dev,299,-0.0796879980247357,0.1693333310762975,-0.08341644591404686,0.15018671771728012,-0.1988729179166251,0.04411768111871518,,,False,0.2770909053975777,False
TH03_sobrecal_ventana_R,Reducción,termico,twmean,rendimiento_proxy_batch,lockbox,63,-0.02880184331797235,0.8226980608782275,0.001468324361320543,0.9908874912059248,-0.255940822115205,0.2088575761223654,,,False,,
TH03_sobrecal_ventana_R,Reducción,termico,twmean,rendimiento_proxy_batch,total,362,-0.07514841718481087,0.15361753585535143,-0.07528767816468564,0.15285450200948436,-0.17887575395348185,0.02289901396479278,,,False,,
TH03_sobrecal_ventana_R,Reducción,termico,twmean,f_metal,dev,299,-0.0796879980247357,0.1693333310762975,-0.08341644591404693,0.15018671771728012,-0.20245729849453895,0.028963879375505475,,,False,,
TH03_sobrecal_ventana_R,Reducción,termico,twmean,f_metal,lockbox,63,-0.02880184331797235,0.8226980608782275,0.0014683243613205776,0.9908874912059248,-0.25016988969833215,0.2122527896050776,,,False,,
TH03_sobrecal_ventana_R,Reducción,termico,twmean,f_metal,total,362,-0.07514841718481087,0.15361753585535143,-0.07528767816468569,0.15285450200948436,-0.18328260076477765,0.021362191892895035,,,False,,
TH03_sobrecal_ventana_R,Reducción,termico,twmean,f_dross,dev,299,0.046665619178020694,0.42140728021915314,0.0025473723698559133,0.9650130076736624,-0.06683510028949866,0.15598837253011497,-1.0,False,False,,
TH03_sobrecal_ventana_R,Reducción,termico,twmean,f_dross,lockbox,63,-0.15466589861751154,0.22614907631647913,-0.15706997118133403,0.21892679348958713,-0.3669791755764356,0.0774588103406308,-1.0,True,False,,
TH03_sobrecal_ventana_R,Reducción,termico,twmean,f_dross,total,362,0.027908135084333797,0.5966284701157049,-0.015559451261853392,0.7679688614021766,-0.07220622701948005,0.128331362867128,-1.0,False,False,,
TH03_sobrecal_ventana_R,Reducción,termico,twmean,f_polvo,dev,299,0.06845188660187201,0.2379721714530173,0.11500116647200923,0.046942003848955804,-0.04024323976564997,0.17928117771300492,-1.0,False,False,,
TH03_sobrecal_ventana_R,Reducción,termico,twmean,f_polvo,lockbox,63,0.17060291858678955,0.1812792682023434,0.19963294500752063,0.11673121558152652,-0.08746295729655917,0.41236615126676635,-1.0,False,False,,
TH03_sobrecal_ventana_R,Reducción,termico,twmean,f_polvo,total,362,0.08516351787526366,0.10573103810232715,0.12493262497331517,0.017401701381273088,-0.028011561468194713,0.19037212299443615,-1.0,False,False,,
TH03_sobrecal_ventana_R,Reducción,termico,twmean,recuperacion_real_pct,dev,299,0.02975376534757918,0.6083367037463316,0.04711368724584831,0.416957896483729,-0.07639979841396301,0.14020817159658092,,,False,,
TH03_sobrecal_ventana_R,Reducción,termico,twmean,recuperacion_real_pct,lockbox,63,0.12235983102918588,0.3394012781308349,0.10487316777786988,0.4133598965089187,-0.1055650715043228,0.36818299536036514,,,False,,
TH03_sobrecal_ventana_R,Reducción,termico,twmean,recuperacion_real_pct,total,362,0.026447773479777607,0.6159836719500701,0.05025140391497983,0.3403905186813345,-0.07473638816103106,0.12421175740629774,,,False,,
PV01_T_precuchilla_R,Reducción,polvo,twmean,rendimiento_proxy_batch,dev,299,0.1045049493838522,0.07116326764570223,0.11747354221978733,0.04237359138984004,-0.0060656173134867285,0.20606241354551322,,,True,0.128093881762264,False
PV01_T_precuchilla_R,Reducción,polvo,twmean,rendimiento_proxy_batch,lockbox,63,-0.03177803379416283,0.804721067903417,-0.19887306584013498,0.11815863463906365,-0.30617525323473443,0.23984745975695343,,,True,,
PV01_T_precuchilla_R,Reducción,polvo,twmean,rendimiento_proxy_batch,total,362,0.0644525901687283,0.22120686362761305,0.062001823150498854,0.2393082225131049,-0.04045953603370561,0.17267016258472065,,,True,,
PV01_T_precuchilla_R,Reducción,polvo,twmean,f_metal,dev,299,0.1045049493838522,0.07116326764570223,0.11747354221978734,0.04237359138984004,-0.0031917854823744806,0.2073953493604912,,,True,,
PV01_T_precuchilla_R,Reducción,polvo,twmean,f_metal,lockbox,63,-0.03177803379416283,0.804721067903417,-0.19887306584013476,0.11815863463906477,-0.31935240588514024,0.2322060180417531,,,True,,
PV01_T_precuchilla_R,Reducción,polvo,twmean,f_metal,total,362,0.0644525901687283,0.22120686362761305,0.06200182315049892,0.2393082225131049,-0.0436236812099971,0.1665878314633409,,,True,,
PV01_T_precuchilla_R,Reducción,polvo,twmean,f_dross,dev,299,-0.12117079302372562,0.03624351600758132,-0.15155828635547805,0.00866768500105048,-0.23353257243159753,-0.009945998022744833,-1.0,True,True,,
PV01_T_precuchilla_R,Reducción,polvo,twmean,f_dross,lockbox,63,-0.14612135176651306,0.25315346693715185,0.015957880613634838,0.9012097998685886,-0.39417491610817185,0.08111023735076438,-1.0,True,True,,
PV01_T_precuchilla_R,Reducción,polvo,twmean,f_dross,total,362,-0.10760117835725382,0.040745005487318985,-0.11368617515534818,0.03057490141848142,-0.2098524526273907,-0.009763201527242348,-1.0,True,True,,
PV01_T_precuchilla_R,Reducción,polvo,twmean,f_polvo,dev,299,0.03213665237592871,0.5799142071041081,0.004459235207647773,0.9387947513019119,-0.07198053770978402,0.13778800541301436,-1.0,False,True,,
PV01_T_precuchilla_R,Reducción,polvo,twmean,f_polvo,lockbox,63,0.20660522273425502,0.10424333572359565,0.25940586956376516,0.04006984256712149,-0.059299686883875075,0.462506031658075,-1.0,False,True,,
PV01_T_precuchilla_R,Reducción,polvo,twmean,f_polvo,total,362,0.06271978625547525,0.23390082810030574,0.04357181342243425,0.40850025965766146,-0.036736715910625835,0.15977267533650424,-1.0,False,True,,
PV01_T_precuchilla_R,Reducción,polvo,twmean,recuperacion_real_pct,dev,299,0.11576485376310297,0.04548880681469065,0.1230959825121763,0.033361043757926034,0.0008810326272992373,0.22117336909390756,,,True,,
PV01_T_precuchilla_R,Reducción,polvo,twmean,recuperacion_real_pct,lockbox,63,0.09178187403993855,0.4743495048305827,0.008489628959738737,0.9473490565166091,-0.19566771930228594,0.3608282995886554,,,True,,
PV01_T_precuchilla_R,Reducción,polvo,twmean,recuperacion_real_pct,total,362,0.08885274594400563,0.09140505890190413,0.09814286007999502,0.062133393124693466,-0.0141901703318515,0.18639378827540554,,,True,,
PV02_T_precuchilla_F,Fusión,polvo,twmean,rendimiento_proxy_batch,dev,299,0.08251352382662566,0.15466546666928568,0.016260291618558773,0.7794717302974714,-0.024672516678128212,0.19501554912570643,,,True,0.26514080000448975,False
PV02_T_precuchilla_F,Fusión,polvo,twmean,rendimiento_proxy_batch,lockbox,63,0.07018049155145929,0.584680831564537,-0.0026448591665571095,0.9835866268936516,-0.19346838208151765,0.32300030871125207,,,True,,
PV02_T_precuchilla_F,Fusión,polvo,twmean,rendimiento_proxy_batch,total,362,0.077651496706218,0.14033679913328873,0.008333149662640583,0.8744541344082435,-0.027579965360704662,0.17428548446546083,,,True,,
PV02_T_precuchilla_F,Fusión,polvo,twmean,f_metal,dev,299,0.08251352382662566,0.15466546666928568,0.016260291618558808,0.7794717302974714,-0.03175420848863519,0.1957557014786917,,,True,,
PV02_T_precuchilla_F,Fusión,polvo,twmean,f_metal,lockbox,63,0.07018049155145929,0.584680831564537,-0.002644859166557271,0.9835866268936501,-0.19351205487532797,0.345653064228698,,,True,,
PV02_T_precuchilla_F,Fusión,polvo,twmean,f_metal,total,362,0.077651496706218,0.14033679913328873,0.008333149662640572,0.8744541344082435,-0.022862537334939804,0.18015904223155285,,,True,,
PV02_T_precuchilla_F,Fusión,polvo,twmean,f_dross,dev,299,-0.14738703957262464,0.010715688770045808,-0.05698649948306252,0.32607053334392405,-0.27033306021934317,-0.032321754296793015,-1.0,True,True,,
PV02_T_precuchilla_F,Fusión,polvo,twmean,f_dross,lockbox,63,-0.006816436251920123,0.9577152129593911,-0.02009849761336094,0.875758640037456,-0.2543175187535695,0.230328551671838,-1.0,True,True,,
PV02_T_precuchilla_F,Fusión,polvo,twmean,f_dross,total,362,-0.12252226431684962,0.019707282515106478,-0.0442929107700721,0.400780606371075,-0.22950953967617319,-0.015185103984282376,-1.0,True,True,,
PV02_T_precuchilla_F,Fusión,polvo,twmean,f_polvo,dev,299,0.037466723530336025,0.5186853767713695,0.04111334711775808,0.47879750059214865,-0.08253847905548173,0.1487125554547384,-1.0,False,True,,
PV02_T_precuchilla_F,Fusión,polvo,twmean,f_polvo,lockbox,63,-0.11040706605222735,0.3890077391365114,0.02953166989373371,0.8182809250053923,-0.35468506819641554,0.14793894954919243,-1.0,True,True,,
PV02_T_precuchilla_F,Fusión,polvo,twmean,f_polvo,total,362,0.019765474476494006,0.707809372828112,0.039446867548610695,0.4543254309449933,-0.07637619396171932,0.11730164610056559,-1.0,False,True,,
PV02_T_precuchilla_F,Fusión,polvo,twmean,recuperacion_real_pct,dev,299,0.002684563758389262,0.9631300476551191,-0.05356145522727539,0.3560346010381164,-0.12336506924919761,0.12338478952185239,,,True,,
PV02_T_precuchilla_F,Fusión,polvo,twmean,recuperacion_real_pct,lockbox,63,0.3234927035330261,0.009704905715847627,0.16454068970070015,0.19751903660956469,0.07727120328173134,0.5242059599409956,,,True,,
PV02_T_precuchilla_F,Fusión,polvo,twmean,recuperacion_real_pct,total,362,0.03660908740553847,0.48745697936490234,-0.03021092440195747,0.566682029397911,-0.06584617159180225,0.14695214028043038,,,True,,
PV03_delta_T_gas_R,Reducción,polvo,twmean,rendimiento_proxy_batch,dev,299,0.00250454535251734,0.9656008513009893,-0.007937939725460606,0.8912781841377266,-0.10922586109251893,0.10844366216076358,,,True,0.9656008513009893,False
PV03_delta_T_gas_R,Reducción,polvo,twmean,rendimiento_proxy_batch,lockbox,63,-0.2579205069124424,0.04126508446134107,-0.27433803608711216,0.02956882755175567,-0.4881542354606478,-0.0018655076185328883,,,True,,
PV03_delta_T_gas_R,Reducción,polvo,twmean,rendimiento_proxy_batch,total,362,-0.07003727805090168,0.18365847174852917,-0.060374785394913144,0.2518856708091455,-0.17385870212012033,0.032979310672291366,,,True,,
PV03_delta_T_gas_R,Reducción,polvo,twmean,f_metal,dev,299,0.00250454535251734,0.9656008513009893,-0.007937939725460547,0.8912781841377266,-0.10436012698767726,0.1119257941612035,,,True,,
PV03_delta_T_gas_R,Reducción,polvo,twmean,f_metal,lockbox,63,-0.2579205069124424,0.04126508446134107,-0.27433803608711194,0.029568827551755817,-0.4972613596938887,0.010591355097015854,,,True,,
PV03_delta_T_gas_R,Reducción,polvo,twmean,f_metal,total,362,-0.07003727805090168,0.18365847174852917,-0.06037478539491311,0.2518856708091455,-0.17169250178955586,0.03879342274822689,,,True,,
PV03_delta_T_gas_R,Reducción,polvo,twmean,f_dross,dev,299,0.05571322753698009,0.33701373696579334,0.03619349499333662,0.5330040365204053,-0.06575764453773737,0.1719099957560141,-1.0,False,True,,
PV03_delta_T_gas_R,Reducción,polvo,twmean,f_dross,lockbox,63,0.07166858678955453,0.5767220780348656,0.07388907938077717,0.5649397791639759,-0.16977521653614164,0.308358876842778,-1.0,False,True,,
PV03_delta_T_gas_R,Reducción,polvo,twmean,f_dross,total,362,0.09586263342432028,0.06848524746368177,0.06619343269881633,0.20895699933613315,-0.014185276743448827,0.19421298621250904,-1.0,False,True,,
PV03_delta_T_gas_R,Reducción,polvo,twmean,f_polvo,dev,299,-0.05659581154182846,0.3294036096825744,-0.02948820277379786,0.6115421580652203,-0.16604258133633726,0.05809333080304598,-1.0,True,True,,
PV03_delta_T_gas_R,Reducción,polvo,twmean,f_polvo,lockbox,63,0.20588517665130568,0.10548294336316887,0.29122515506015595,0.020575729248880348,-0.0514544590794162,0.42914199124381097,-1.0,False,True,,
PV03_delta_T_gas_R,Reducción,polvo,twmean,f_polvo,total,362,-0.0077985029839009855,0.8824487415674854,0.009103281170295312,0.8629609086024604,-0.11570480196007028,0.09641892068250046,-1.0,True,True,,
PV03_delta_T_gas_R,Reducción,polvo,twmean,recuperacion_real_pct,dev,299,0.03813427308029001,0.5112579613007384,0.0479304132440554,0.40891896674919415,-0.08774659766364994,0.1577161845917327,,,True,,
PV03_delta_T_gas_R,Reducción,polvo,twmean,recuperacion_real_pct,lockbox,63,0.024481566820276496,0.8489535950344568,-0.05508527769613772,0.6680715135283473,-0.2108644623021533,0.26056922796068205,,,True,,
PV03_delta_T_gas_R,Reducción,polvo,twmean,recuperacion_real_pct,total,362,-0.015624705534006529,0.7670237194049279,0.010894195395000614,0.83634923632464,-0.11261510622737135,0.08477066019665175,,,True,,
PV04_gas_total_por_carga_R,Reducción,polvo,ratio,rendimiento_proxy_batch,dev,299,0.05816390204484748,0.31615816981831507,0.09906891260154889,0.08724822488283193,-0.05266517263570933,0.16327820287918762,,,True,0.40681258559696126,False
PV04_gas_total_por_carga_R,Reducción,polvo,ratio,rendimiento_proxy_batch,lockbox,63,-0.09499807987711213,0.45893485090425734,-0.047390589204445326,0.7122573678402895,-0.3443222965526045,0.15811873513076782,,,True,,
PV04_gas_total_por_carga_R,Reducción,polvo,ratio,rendimiento_proxy_batch,total,362,0.02450576827655955,0.6421382300923285,0.08764119250128617,0.09592765244280597,-0.07938548917182407,0.12529926048857137,,,True,,
PV04_gas_total_por_carga_R,Reducción,polvo,ratio,f_metal,dev,299,0.05816390204484748,0.31615816981831507,0.0990689126015489,0.08724822488283193,-0.04846110776772084,0.17218252103624423,,,True,,
PV04_gas_total_por_carga_R,Reducción,polvo,ratio,f_metal,lockbox,63,-0.09499807987711213,0.45893485090425734,-0.04739058920444529,0.7122573678402895,-0.3570171483408345,0.17468027218800852,,,True,,
PV04_gas_total_por_carga_R,Reducción,polvo,ratio,f_metal,total,362,0.02450576827655955,0.6421382300923285,0.08764119250128621,0.09592765244280597,-0.06993016430279216,0.1287010906097091,,,True,,
PV04_gas_total_por_carga_R,Reducción,polvo,ratio,f_dross,dev,299,-0.020846670108415077,0.7195937850541714,-0.08171616346781907,0.15870388822275694,-0.13225639051555416,0.09173141282871908,-1.0,True,True,,
PV04_gas_total_por_carga_R,Reducción,polvo,ratio,f_dross,lockbox,63,0.25604838709677424,0.04281333522048968,0.10028905939762357,0.4341827795263061,0.03494886361213621,0.47294976491465596,-1.0,False,True,,
PV04_gas_total_por_carga_R,Reducción,polvo,ratio,f_dross,total,362,0.03733686504910475,0.4788382137267006,-0.06527928256197346,0.2153271899277114,-0.06665375553541594,0.13740813795901377,-1.0,False,True,,
PV04_gas_total_por_carga_R,Reducción,polvo,ratio,f_polvo,dev,299,-0.017358083993625283,0.7650051848595256,-0.04808204923572195,0.4074366000789319,-0.1207724154162114,0.09043308046843962,-1.0,True,True,,
PV04_gas_total_por_carga_R,Reducción,polvo,ratio,f_polvo,lockbox,63,-0.23084677419354838,0.06871793556108559,-0.06208649993569376,0.6288153774593732,-0.45645170630744575,0.0010224848561379844,-1.0,True,True,,
PV04_gas_total_por_carga_R,Reducción,polvo,ratio,f_polvo,total,362,-0.054795180680222925,0.29846766906602007,-0.0488835215367439,0.35371355219640505,-0.15599674684987377,0.055743514994864796,-1.0,True,True,,
PV04_gas_total_por_carga_R,Reducción,polvo,ratio,recuperacion_real_pct,dev,299,0.04203946039370609,0.4689395301552318,0.10250240654526087,0.07678176759193617,-0.06291410944063569,0.15428204871214915,,,True,,
PV04_gas_total_por_carga_R,Reducción,polvo,ratio,recuperacion_real_pct,lockbox,63,0.002256144393241168,0.985998636952735,-0.2238385513123974,0.07780986496134948,-0.24299120987605613,0.26731404760473587,,,True,,
PV04_gas_total_por_carga_R,Reducción,polvo,ratio,recuperacion_real_pct,total,362,0.02551205936662096,0.6285278051627066,0.07748479748369566,0.14119299088639867,-0.07144653810360697,0.12501270345811438,,,True,,
PV05_gas_total_por_carga_F,Fusión,polvo,ratio,rendimiento_proxy_batch,dev,299,-0.03346771116248794,0.5643121964085078,-0.03096795702699421,0.5937767804848287,-0.15257540406189432,0.07246263139708047,,,False,0.6579149630595539,False
PV05_gas_total_por_carga_F,Fusión,polvo,ratio,rendimiento_proxy_batch,lockbox,63,0.17401113671274962,0.17258514432367197,0.055913145892507864,0.6633805421954082,-0.08926356927957708,0.4048112401242259,,,False,,
PV05_gas_total_por_carga_F,Fusión,polvo,ratio,rendimiento_proxy_batch,total,362,0.01796942954450909,0.7333017450055906,-0.004155775382800934,0.9371949683027642,-0.08313026177137862,0.12394761333125437,,,False,,
PV05_gas_total_por_carga_F,Fusión,polvo,ratio,f_metal,dev,299,-0.03346771116248794,0.5643121964085078,-0.030967957026994102,0.5937767804848302,-0.1471729586663755,0.07440628339398667,,,False,,
PV05_gas_total_por_carga_F,Fusión,polvo,ratio,f_metal,lockbox,63,0.17401113671274962,0.17258514432367197,0.05591314589250774,0.6633805421954116,-0.0795728534387584,0.421566632276912,,,False,,
PV05_gas_total_por_carga_F,Fusión,polvo,ratio,f_metal,total,362,0.01796942954450909,0.7333017450055906,-0.004155775382800823,0.9371949683027673,-0.08433081238357008,0.11864863319888762,,,False,,
PV05_gas_total_por_carga_F,Fusión,polvo,ratio,f_dross,dev,299,0.06140378442683666,0.2899085550035752,0.044032364325800204,0.4481100988167793,-0.044104843542152154,0.16510865389496127,-1.0,False,False,,
PV05_gas_total_por_carga_F,Fusión,polvo,ratio,f_dross,lockbox,63,-0.1485215053763441,0.24535616675342806,-0.04206911115170575,0.7433868448822897,-0.3795505908613499,0.14153693533317369,-1.0,True,False,,
PV05_gas_total_por_carga_F,Fusión,polvo,ratio,f_dross,total,362,0.004915977350102659,0.9257367902849887,0.011944152380432744,0.8208319126906417,-0.0981009058349082,0.12049699500946899,-1.0,False,False,,
PV05_gas_total_por_carga_F,Fusión,polvo,ratio,f_polvo,dev,299,-0.0388323494422123,0.5035504256359127,-0.0057630251499511155,0.9209513403232175,-0.14954812396256606,0.073565612106151,-1.0,True,False,,
PV05_gas_total_por_carga_F,Fusión,polvo,ratio,f_polvo,lockbox,63,-0.041426651305683564,0.7471740773928789,-0.024670758220388722,0.8478001787532866,-0.25967772860567845,0.2020345805651621,-1.0,True,False,,
PV05_gas_total_por_carga_F,Fusión,polvo,ratio,f_polvo,total,362,-0.036287823030380605,0.491287944345406,-0.007926843916876153,0.8805285315818603,-0.13634863329362437,0.06567105164321765,-1.0,True,False,,
PV05_gas_total_por_carga_F,Fusión,polvo,ratio,recuperacion_real_pct,dev,299,0.03532490853179503,0.5428849706149912,-0.07971098091003119,0.169209975235212,-0.07905217322194875,0.1503007239364758,,,False,,
PV05_gas_total_por_carga_F,Fusión,polvo,ratio,recuperacion_real_pct,lockbox,63,0.055779569892473124,0.6641365631816488,0.14433848735934668,0.25905321140924076,-0.2162714516617558,0.31187172347163805,,,False,,
PV05_gas_total_por_carga_F,Fusión,polvo,ratio,recuperacion_real_pct,total,362,0.08117149180883351,0.12317169504780336,-0.03594444877866518,0.49540029739294394,-0.02750768301558454,0.1778054193418368,,,False,,
PV06_fume_intensidad_R,Reducción,polvo,sum,rendimiento_proxy_batch,dev,299,0.00785616484478463,0.8923913953565352,-0.08765103947728484,0.1304851590756199,-0.10788870855351393,0.12781785057836362,,,True,0.9448850068480962,False
PV06_fume_intensidad_R,Reducción,polvo,sum,rendimiento_proxy_batch,lockbox,63,0.2137576804915515,0.0925343425531931,0.2559343515416522,0.04290916975389656,-0.01167815602223737,0.42484737509440484,,,True,,
PV06_fume_intensidad_R,Reducción,polvo,sum,rendimiento_proxy_batch,total,362,0.06940613268395769,0.18764966385807058,-0.04397633235975293,0.4041589097102785,-0.03181180502934628,0.17924764397248305,,,True,,
PV06_fume_intensidad_R,Reducción,polvo,sum,f_metal,dev,299,0.00785616484478463,0.8923913953565352,-0.08765103947728468,0.1304851590756218,-0.10639057718636111,0.1236690548068603,,,True,,
PV06_fume_intensidad_R,Reducción,polvo,sum,f_metal,lockbox,63,0.2137576804915515,0.0925343425531931,0.2559343515416523,0.042909169753896116,-0.018140043992462617,0.4342866067249345,,,True,,
PV06_fume_intensidad_R,Reducción,polvo,sum,f_metal,total,362,0.06940613268395769,0.18764966385807058,-0.04397633235975283,0.4041589097102785,-0.034905040744896684,0.1734885023999455,,,True,,
PV06_fume_intensidad_R,Reducción,polvo,sum,f_dross,dev,299,0.0604857354492604,0.2971938324368788,0.09830037672553049,0.08974122339074114,-0.049390338380918934,0.1727451605225074,-1.0,False,True,,
PV06_fume_intensidad_R,Reducción,polvo,sum,f_dross,lockbox,63,-0.04248271889400922,0.7409518646158981,-0.02182963926341964,0.8651533445358123,-0.26051363834128155,0.18216712984446243,-1.0,True,True,,
PV06_fume_intensidad_R,Reducción,polvo,sum,f_dross,total,362,-0.019548178336131324,0.7108769686504871,0.04656006114133916,0.3770845234796294,-0.11892689474797298,0.08793572460524905,-1.0,True,True,,
PV06_fume_intensidad_R,Reducción,polvo,sum,f_polvo,dev,299,-0.11018383425736795,0.057030839697217714,0.013297644559289931,0.8188807593846354,-0.21897220387353505,0.003912013222387812,-1.0,True,True,,
PV06_fume_intensidad_R,Reducción,polvo,sum,f_polvo,lockbox,63,-0.19220430107526884,0.13126440643299736,-0.3321749333295381,0.007820014863692135,-0.42714898400616697,0.06442963558348871,-1.0,True,True,,
PV06_fume_intensidad_R,Reducción,polvo,sum,f_polvo,total,362,-0.10187154206014701,0.05279724090485233,0.008546273536282904,0.8712707864943607,-0.19845233492451358,-0.00031850167804773407,-1.0,True,True,,
PV06_fume_intensidad_R,Reducción,polvo,sum,recuperacion_real_pct,dev,299,0.11021660568786334,0.056956579757979686,0.13439097219634152,0.020090226140003015,0.0010725044264230203,0.22164203846093888,,,True,,
PV06_fume_intensidad_R,Reducción,polvo,sum,recuperacion_real_pct,lockbox,63,0.08174923195084487,0.5241649954605924,0.20628967741900528,0.10478517197804084,-0.15701334120352076,0.31932725713691296,,,True,,
PV06_fume_intensidad_R,Reducción,polvo,sum,recuperacion_real_pct,total,362,0.16370430978688913,0.001777914443032515,0.15646983941662207,0.002834363108865374,0.06079095240541281,0.26267280561089845,,,True,,
PV07_fume_intensidad_F,Fusión,polvo,sum,rendimiento_proxy_batch,dev,299,0.014215169132006015,0.8066221080313326,-0.10205078365148454,0.07809735056803571,-0.10653727489680957,0.1324435217091391,,,True,0.8066221080313326,False
PV07_fume_intensidad_F,Fusión,polvo,sum,rendimiento_proxy_batch,lockbox,63,0.23838325652841783,0.05991187366430858,0.26392505632485075,0.03660819090843127,-0.00251472467207755,0.45340858827306324,,,True,,
PV07_fume_intensidad_F,Fusión,polvo,sum,rendimiento_proxy_batch,total,362,0.07342699665492955,0.16328903005830261,-0.05933001046277683,0.2602000593515548,-0.03278863428502842,0.17401711432383635,,,True,,
PV07_fume_intensidad_F,Fusión,polvo,sum,f_metal,dev,299,0.014215169132006015,0.8066221080313326,-0.10205078365148447,0.07809735056803571,-0.10259593936846377,0.12164294135697407,,,True,,
PV07_fume_intensidad_F,Fusión,polvo,sum,f_metal,lockbox,63,0.23838325652841783,0.05991187366430858,0.2639250563248509,0.036608190908431266,-0.0006987367535014835,0.45397440691573543,,,True,,
PV07_fume_intensidad_F,Fusión,polvo,sum,f_metal,total,362,0.07342699665492955,0.16328903005830261,-0.05933001046277676,0.2602000593515548,-0.0328582972422477,0.17916217843289337,,,True,,
PV07_fume_intensidad_F,Fusión,polvo,sum,f_dross,dev,299,0.09485353864110795,0.10163178379451603,0.13160776328607718,0.02284076664102202,-0.01291311567102622,0.20386679306131422,-1.0,False,True,,
PV07_fume_intensidad_F,Fusión,polvo,sum,f_dross,lockbox,63,-0.06120391705069124,0.6337109238509677,-0.09977098476357632,0.436572669429558,-0.2864715621980909,0.18301515753427372,-1.0,True,True,,
PV07_fume_intensidad_F,Fusión,polvo,sum,f_dross,total,362,0.0008440146359954472,0.9872320481092663,0.07740672552600952,0.141595352093998,-0.10307300014328455,0.10601075295519766,-1.0,False,True,,
PV07_fume_intensidad_F,Fusión,polvo,sum,f_polvo,dev,299,-0.14614845906938118,0.01140113871899542,-0.0038143270261312,0.9476327138704655,-0.2558299119567708,-0.03141343271865411,-1.0,True,True,,
PV07_fume_intensidad_F,Fusión,polvo,sum,f_polvo,lockbox,63,-0.1907642089093702,0.13423356524747534,-0.24333378182741797,0.054641112267790524,-0.43139924273909414,0.0670458697064406,-1.0,True,True,,
PV07_fume_intensidad_F,Fusión,polvo,sum,f_polvo,total,362,-0.1233180892965714,0.018918279065323618,-0.005362856659285962,0.9190081812042444,-0.22366186322372417,-0.025233225113977867,-1.0,True,True,,
PV07_fume_intensidad_F,Fusión,polvo,sum,recuperacion_real_pct,dev,299,0.08522771654957241,0.1414999276296096,0.0909781953948502,0.11645518177236416,-0.01746806668253749,0.19361827942915455,,,True,,
PV07_fume_intensidad_F,Fusión,polvo,sum,recuperacion_real_pct,lockbox,63,0.027457757296466972,0.8308471424877424,0.08838181114584917,0.49094223570601453,-0.23767330262389283,0.2810331583902283,,,True,,
PV07_fume_intensidad_F,Fusión,polvo,sum,recuperacion_real_pct,total,362,0.13845520657615526,0.008342227382494032,0.11513724282989356,0.028498998170105976,0.028370112303036953,0.2408333664406007,,,True,,
PV08_tiro_ventana_R,Reducción,polvo,twmean,rendimiento_proxy_batch,dev,299,-0.011136899283966691,0.8479189979085305,-0.09924317794960572,0.08669074401990423,-0.1257791015697583,0.10102714215433728,,,False,0.9448850068480962,False
PV08_tiro_ventana_R,Reducción,polvo,twmean,rendimiento_proxy_batch,lockbox,63,0.14280913978494625,0.26418748491898564,0.19414979501688706,0.1273324146366672,-0.07691748883873528,0.36147298470700767,,,False,,
PV08_tiro_ventana_R,Reducción,polvo,twmean,rendimiento_proxy_batch,total,362,-0.003970397638023839,0.9399911392466482,-0.06667405976769482,0.2056628436834263,-0.10548489457750225,0.09594716427930075,,,False,,
PV08_tiro_ventana_R,Reducción,polvo,twmean,f_metal,dev,299,-0.011136899283966691,0.8479189979085305,-0.09924317794960567,0.08669074401990423,-0.12870913827069583,0.10512638490923717,,,False,,
PV08_tiro_ventana_R,Reducción,polvo,twmean,f_metal,lockbox,63,0.14280913978494625,0.26418748491898564,0.19414979501688703,0.1273324146366672,-0.08707621752710558,0.34883264176473333,,,False,,
PV08_tiro_ventana_R,Reducción,polvo,twmean,f_metal,total,362,-0.003970397638023839,0.9399911392466482,-0.06667405976769483,0.2056628436834263,-0.10993671603781756,0.09413385419183234,,,False,,
PV08_tiro_ventana_R,Reducción,polvo,twmean,f_dross,dev,299,0.05094431101434311,0.38005781312155074,0.1319875714780855,0.02244720986536107,-0.06422399190447702,0.16281283058090487,-1.0,False,False,,
PV08_tiro_ventana_R,Reducción,polvo,twmean,f_dross,lockbox,63,-0.20420506912442396,0.10841969821909249,-0.21638653847682868,0.08849933428442748,-0.4441722805984015,0.032660206617921725,-1.0,True,False,,
PV08_tiro_ventana_R,Reducción,polvo,twmean,f_dross,total,362,0.03157409045818244,0.5492998031462792,0.08738908638662785,0.0968907917158117,-0.072868006664066,0.12846640564741235,-1.0,False,False,,
PV08_tiro_ventana_R,Reducción,polvo,twmean,f_polvo,dev,299,-0.057641803775448364,0.3205290892752411,-0.008208570884678435,0.8875955817391812,-0.17055121105774876,0.043640834218190795,-1.0,True,False,,
PV08_tiro_ventana_R,Reducción,polvo,twmean,f_polvo,lockbox,63,0.04137864823348694,0.7474572908068577,0.004619782666837939,0.9713347607169722,-0.19403741425566456,0.26482407925488,-1.0,False,False,,
PV08_tiro_ventana_R,Reducción,polvo,twmean,f_polvo,total,362,-0.04030109807910465,0.4446054607169465,-0.006490630070471204,0.9020541603428118,-0.13443729899760662,0.049483052504708525,-1.0,True,False,,
PV08_tiro_ventana_R,Reducción,polvo,twmean,recuperacion_real_pct,dev,299,0.10162151242396356,0.07936469116897676,-0.05675756184702374,0.3280210142784764,-0.010053976368520868,0.21197413783695068,,,False,,
PV08_tiro_ventana_R,Reducción,polvo,twmean,recuperacion_real_pct,lockbox,63,0.17285906298003073,0.1754892977638258,0.0893362302935294,0.48625407865972886,-0.060925618400252776,0.4273965987325167,,,False,,
PV08_tiro_ventana_R,Reducción,polvo,twmean,recuperacion_real_pct,total,362,0.08596541399278368,0.10247511398304242,-0.045423341761299245,0.38885600158928624,-0.015934073721456655,0.18562672461188043,,,False,,
CP01_sdi_heel2b,Reducción,compuesto,batch_especial,rendimiento_proxy_batch,dev,283,0.25507348277318975,1.3986150480632984e-05,0.2723915970782368,3.3147659435194068e-06,0.15015090119237537,0.3657757460235716,,,True,5.035014173027874e-05,True
CP01_sdi_heel2b,Reducción,compuesto,batch_especial,rendimiento_proxy_batch,lockbox,63,0.2960349462365592,0.018486828196608966,0.32696531568327264,0.008908268550693288,0.07703461461862739,0.521191676479991,,,True,,
CP01_sdi_heel2b,Reducción,compuesto,batch_especial,rendimiento_proxy_batch,total,346,0.2629935402940365,6.981523737093459e-07,0.27589088880612433,1.8396448204462256e-07,0.16913965399977982,0.3571801002109589,,,True,,
CP01_sdi_heel2b,Reducción,compuesto,batch_especial,f_metal,dev,283,0.25507348277318975,1.3986150480632984e-05,0.27239159707823696,3.3147659435194068e-06,0.14269750571616305,0.36339864737976196,,,True,,
CP01_sdi_heel2b,Reducción,compuesto,batch_especial,f_metal,lockbox,63,0.2960349462365592,0.018486828196608966,0.3269653156832728,0.008908268550693245,0.0719223186052887,0.5200127540621182,,,True,,
CP01_sdi_heel2b,Reducción,compuesto,batch_especial,f_metal,total,346,0.2629935402940365,6.981523737093459e-07,0.2758908888061242,1.8396448204462256e-07,0.16317503998540214,0.353151786347803,,,True,,
CP01_sdi_heel2b,Reducción,compuesto,batch_especial,f_dross,dev,283,-0.22645125697421878,0.00012170062356164509,-0.23733776505865806,5.513084641003414e-05,-0.3352482057499982,-0.11632793378036374,-1.0,True,True,,
CP01_sdi_heel2b,Reducción,compuesto,batch_especial,f_dross,lockbox,63,-0.3292530721966206,0.008415117494965646,-0.32159350345657967,0.010166243878771804,-0.5335938875121834,-0.07668463844759786,-1.0,True,True,,
CP01_sdi_heel2b,Reducción,compuesto,batch_especial,f_dross,total,346,-0.24436635274673305,4.246525569590429e-06,-0.2449643533568512,4.016123152710597e-06,-0.3380707592347673,-0.14806909748429217,-1.0,True,True,,
CP01_sdi_heel2b,Reducción,compuesto,batch_especial,f_polvo,dev,283,-0.0631044367097253,0.2900840849604089,-0.11573883847817037,0.05178074284057517,-0.17317951386477132,0.05287578189656029,-1.0,True,True,,
CP01_sdi_heel2b,Reducción,compuesto,batch_especial,f_polvo,lockbox,63,-0.01051267281105991,0.9348271768692052,-0.047207230529934675,0.7133225707523398,-0.2547563429419451,0.22474119076773072,-1.0,True,True,,
CP01_sdi_heel2b,Reducción,compuesto,batch_especial,f_polvo,total,346,-0.05426312347316205,0.3142032196378279,-0.10611290997735515,0.048581868695977894,-0.14703215781880508,0.057228485477075534,-1.0,True,True,,
CP01_sdi_heel2b,Reducción,compuesto,batch_especial,recuperacion_real_pct,dev,283,0.12343295166835914,0.03796657667610414,0.14135799131654667,0.017338747495305725,0.006556390514117094,0.239049413094304,,,True,,
CP01_sdi_heel2b,Reducción,compuesto,batch_especial,recuperacion_real_pct,lockbox,63,0.3300691244239632,0.008245061572840981,0.36651357012143654,0.0031326822363235162,0.10304115858477139,0.5393741530461332,,,True,,
CP01_sdi_heel2b,Reducción,compuesto,batch_especial,recuperacion_real_pct,total,346,0.1619451689091071,0.0025159043459885427,0.16715914732320603,0.0018080866098231705,0.0613231345396073,0.2654274461794331,,,True,,
CP02_sdi_fusion_log,Fusión,compuesto,ratio_log,rendimiento_proxy_batch,dev,298,0.09815535435611301,0.09076244507663685,0.004667170206348575,0.9360545852290251,-0.029590093802477836,0.21513717286166473,,,True,0.18197385170279148,False
CP02_sdi_fusion_log,Fusión,compuesto,ratio_log,rendimiento_proxy_batch,lockbox,63,0.2460637480798771,0.051899878451963116,0.2540146209830352,0.04454921624293371,-0.020379798649913624,0.45949915229214267,,,True,,
CP02_sdi_fusion_log,Fusión,compuesto,ratio_log,rendimiento_proxy_batch,total,361,0.12077715370135134,0.021720785723903135,0.011918741292836238,0.8214513091165592,0.016604131733310663,0.2262241360687265,,,True,,
CP02_sdi_fusion_log,Fusión,compuesto,ratio_log,f_metal,dev,298,0.09815535435611301,0.09076244507663685,0.004667170206348402,0.9360545852290312,-0.0176176397380402,0.21189145232502146,,,True,,
CP02_sdi_fusion_log,Fusión,compuesto,ratio_log,f_metal,lockbox,63,0.2460637480798771,0.051899878451963116,0.25401462098303546,0.044549216242933475,-0.006715913689420404,0.4722400569194002,,,True,,
CP02_sdi_fusion_log,Fusión,compuesto,ratio_log,f_metal,total,361,0.12077715370135134,0.021720785723903135,0.011918741292836096,0.8214513091165658,0.01328495737519902,0.2297818734758048,,,True,,
CP02_sdi_fusion_log,Fusión,compuesto,ratio_log,f_dross,dev,298,-0.07675892502271259,0.18635271474072876,0.022478757985103473,0.6991548983668893,-0.19676489654026888,0.04720213402396586,-1.0,True,True,,
CP02_sdi_fusion_log,Fusión,compuesto,ratio_log,f_dross,lockbox,63,-0.47657450076804925,7.865894936057673e-05,-0.4641063767353902,0.00012747811046082578,-0.6591632668874556,-0.27375543546965214,-1.0,True,True,,
CP02_sdi_fusion_log,Fusión,compuesto,ratio_log,f_dross,total,361,-0.1411880238543436,0.0072153058512850615,0.010326381705787945,0.8449811746023657,-0.24675727583868354,-0.04122940847508732,-1.0,True,True,,
CP02_sdi_fusion_log,Fusión,compuesto,ratio_log,f_polvo,dev,298,-0.05638731142086846,0.3320081102840351,-0.03165459844300714,0.586246777510354,-0.16978235581549223,0.06214874663037671,-1.0,True,True,,
CP02_sdi_fusion_log,Fusión,compuesto,ratio_log,f_polvo,lockbox,63,0.22129416282642092,0.08133786159872128,0.23847123152128147,0.059814744336328884,-0.010633978116966047,0.45336913247835814,-1.0,False,True,,
CP02_sdi_fusion_log,Fusión,compuesto,ratio_log,f_polvo,total,361,-0.012871448758564042,0.8074480967906251,-0.028719207656539073,0.5865208133886322,-0.11884693764354806,0.09136006390716118,-1.0,True,True,,
CP02_sdi_fusion_log,Fusión,compuesto,ratio_log,recuperacion_real_pct,dev,298,0.09705027650752773,0.09447383532475749,0.02377444069441318,0.6827279740995196,-0.01794991845655751,0.20787973854499436,,,True,,
CP02_sdi_fusion_log,Fusión,compuesto,ratio_log,recuperacion_real_pct,lockbox,63,0.255568356374808,0.04321794421096373,0.19138419628732284,0.13294913691822824,-0.01854565007639349,0.49801976657768543,,,True,,
CP02_sdi_fusion_log,Fusión,compuesto,ratio_log,recuperacion_real_pct,total,361,0.11395422986078162,0.030412411661288972,0.03051638051748039,0.5633080146939344,0.012035537601087496,0.21606214982428582,,,True,,
CP03_sdi_beta_irf,Reducción,compuesto,sum,rendimiento_proxy_batch,dev,286,0.32809372912068674,1.3286914585936096e-08,0.32324121322382493,2.2261868422917312e-08,0.21503581520044696,0.4235017089969659,,,True,2.3916446254684973e-07,True
CP03_sdi_beta_irf,Reducción,compuesto,sum,rendimiento_proxy_batch,lockbox,63,0.09874231950844856,0.44133976253818075,0.17361031677263633,0.17359153032348829,-0.12316976716102832,0.308968749276527,,,True,,
CP03_sdi_beta_irf,Reducción,compuesto,sum,rendimiento_proxy_batch,total,349,0.28754329752847685,4.54128660860364e-08,0.2980943781560054,1.3588274504871514e-08,0.18828716067577242,0.37961348588037014,,,True,,
CP03_sdi_beta_irf,Reducción,compuesto,sum,f_metal,dev,286,0.32809372912068674,1.3286914585936096e-08,0.323241213223825,2.2261868422917312e-08,0.22472506500414569,0.4310087366326657,,,True,,
CP03_sdi_beta_irf,Reducción,compuesto,sum,f_metal,lockbox,63,0.09874231950844856,0.44133976253818075,0.17361031677263644,0.17359153032348829,-0.122192657306876,0.31529804938309863,,,True,,
CP03_sdi_beta_irf,Reducción,compuesto,sum,f_metal,total,349,0.28754329752847685,4.54128660860364e-08,0.2980943781560053,1.358827450487191e-08,0.1878022288021156,0.37992917967026407,,,True,,
CP03_sdi_beta_irf,Reducción,compuesto,sum,f_dross,dev,286,-0.20108646167696229,0.0006243830117429363,-0.22675849806300918,0.00010948392206076418,-0.3138775902577417,-0.08469330576497698,-1.0,True,True,,
CP03_sdi_beta_irf,Reducción,compuesto,sum,f_dross,lockbox,63,-0.12490399385560676,0.32937747473046397,-0.08956526287310951,0.48513258149733696,-0.3774723431879704,0.09763011436169784,-1.0,True,True,,
CP03_sdi_beta_irf,Reducción,compuesto,sum,f_dross,total,349,-0.18243510663824863,0.0006154186872954861,-0.20031709080396054,0.00016518271556932324,-0.27880380070737043,-0.09015779416686208,-1.0,True,True,,
CP03_sdi_beta_irf,Reducción,compuesto,sum,f_polvo,dev,286,-0.1891015274840692,0.0013134278754240764,-0.20123090656840775,0.0006186483505639669,-0.2919320834889846,-0.08880886633885161,-1.0,True,True,,
CP03_sdi_beta_irf,Reducción,compuesto,sum,f_polvo,lockbox,63,-0.03811443932411675,0.7667919709776034,-0.12932853861994217,0.31239568815336666,-0.2930630577246184,0.2259505628013639,-1.0,True,True,,
CP03_sdi_beta_irf,Reducción,compuesto,sum,f_polvo,total,349,-0.1606506979829774,0.0026123936795224385,-0.1908782695933046,0.00033561635471554373,-0.2546681988352103,-0.056573883662110636,-1.0,True,True,,
CP03_sdi_beta_irf,Reducción,compuesto,sum,recuperacion_real_pct,dev,286,0.1327696693550352,0.02473891308432941,0.13803401708608704,0.01952600259835168,0.026705140217089716,0.24710119684891152,,,True,,
CP03_sdi_beta_irf,Reducción,compuesto,sum,recuperacion_real_pct,lockbox,63,0.27520161290322587,0.02903988965616778,0.30024799713466893,0.016808491472250196,0.02937600082938902,0.48687598241599084,,,True,,
CP03_sdi_beta_irf,Reducción,compuesto,sum,recuperacion_real_pct,total,349,0.15513712648383135,0.003667685031545448,0.15680127328938892,0.0033143769536571,0.055085337825807004,0.2643564055055874,,,True,,
