subset,kpi,variable,n,coef_por_sd,ci_lo,ci_hi,p_hc3,p_perm,spearman,p_spearman,r2_adj
DEV,recuperacion_refinada_pct,dist_total,298,-0.14553939685506934,-0.6620129323768037,0.370934138666665,0.5807379994300348,0.56,-0.0513897709286452,0.3767065412306843,-0.0027212297636958205
DEV,recuperacion_refinada_pct,dist_F,297,-0.42413149705914294,-1.0357946494794923,0.18753165536120647,0.17412988964121956,0.094,-0.09290916195410713,0.11007114464211921,0.004507675346253737
DEV,recuperacion_refinada_pct,dist_R,298,0.06295822981884905,-0.3646847567114896,0.49060121634918774,0.77292669478104,0.806,-0.039321951353439064,0.4989067709139099,-0.0035002745107890476
DEV,recuperacion_refinada_pct,uplift_fisico_total_kg,298,-0.147324242964551,-0.7667971873437687,0.47214870141466675,0.6411278965698991,0.55,-0.10702731429912173,0.06502064762123395,-0.0026351796169559183
DEV,recuperacion_refinada_pct,dir_Fusión_tasa_feed_Carbon_kg_min,297,0.5703775824445413,-0.09992393303137359,1.2406790979204563,0.09535820540126481,0.02,0.10044422519172959,0.08397071573175448,0.010031796561069561
DEV,recuperacion_refinada_pct,dir_Fusión_tasa_gn_nm3_min,297,0.30505825354577376,-0.27441752545484843,0.884534032546396,0.30216575349562436,0.184,0.029219784283255744,0.6159853234014308,0.0012566591049351095
DEV,recuperacion_refinada_pct,dir_Fusión_tasa_o2_nm3_min,297,0.26123911590326565,-0.30070300220299895,0.8231812340095302,0.36221100313162957,0.324,0.05335214122008874,0.3595464806414472,0.0003062823686869054
DEV,recuperacion_refinada_pct,dir_Fusión_tasa_aire_nm3_min,297,0.3816115002949404,-0.23341154423117072,0.9966345448210515,0.22393737242288236,0.122,0.12539421665009182,0.030739694051542588,0.002062264192498109
DEV,recuperacion_refinada_pct,dir_Reducción_tasa_feed_Carbon_kg_min,298,0.07042620333722444,-0.46911875709880607,0.609971163773255,0.7980806267939187,0.794,0.02604194181262091,0.65434070334077,-0.003459266434501229
DEV,recuperacion_refinada_pct,dir_Reducción_tasa_gn_nm3_min,298,0.7202011278542779,0.2248318228220424,1.2155704328865133,0.004378427192879698,0.004,0.19292567029297705,0.0008141957340009116,0.022188443060048857
DEV,recuperacion_refinada_pct,dir_Reducción_tasa_o2_nm3_min,298,0.5821168390787145,0.12387897929616482,1.0403546988612642,0.01278091780712694,0.028,0.1261759760177985,0.02942902276145268,0.013102215503439152
DEV,recuperacion_refinada_pct,dir_Reducción_tasa_aire_nm3_min,298,0.2469954315454249,-0.16337868543220233,0.6573695485230521,0.2381352562929412,0.342,0.05823483252288669,0.3163848297875202,-0.0006615746569740288
DEV,rendimiento_proxy_batch,dist_total,298,-0.0761966713994684,-0.6090971072397804,0.4567037644408436,0.7792894736526765,0.8,-0.04556192236473631,0.4332618173709574,-0.0030942167801075726
DEV,rendimiento_proxy_batch,dist_F,297,-0.4266601153831789,-1.0593428984263737,0.20602266766001603,0.18625668252851213,0.11,-0.10181588153611018,0.0798049404110753,0.004607414222904338
DEV,rendimiento_proxy_batch,dist_R,298,0.14943172710119323,-0.27398767010101327,0.5728511243033998,0.48912336423263625,0.572,-0.025252922602041674,0.6641648759904532,-0.002291679998486007
DEV,rendimiento_proxy_batch,uplift_fisico_total_kg,298,-0.09806779419207184,-0.712677811352034,0.5165422229678902,0.7544828911598223,0.694,-0.09981188274380598,0.08541852428005185,-0.00290170060565198
DEV,rendimiento_proxy_batch,dir_Fusión_tasa_feed_Carbon_kg_min,297,0.5805848175776127,-0.10038216560063318,1.2615518007558586,0.09471312035118723,0.05,0.10926528782385818,0.06000757314363884,0.010193158532000202
DEV,rendimiento_proxy_batch,dir_Fusión_tasa_gn_nm3_min,297,0.3057598443583556,-0.291557138724781,0.9030768274414922,0.31572408724440004,0.29,0.020010287996081347,0.7312740624121303,0.0014644993183233757
DEV,rendimiento_proxy_batch,dir_Fusión_tasa_o2_nm3_min,297,0.28783672185190784,-0.29580928113281707,0.8714827248366328,0.33374627804657064,0.286,0.04430800407144211,0.446809988172586,0.0011743612137449233
DEV,rendimiento_proxy_batch,dir_Fusión_tasa_aire_nm3_min,297,0.4208315252354579,-0.20531294798007843,1.0469759984509943,0.1877410185496975,0.126,0.14729376715824455,0.011035019340162726,0.0032023516357858606
DEV,rendimiento_proxy_batch,dir_Reducción_tasa_feed_Carbon_kg_min,298,0.04651886094125793,-0.4942833285480327,0.5873210504305485,0.8661170363718305,0.85,0.030572453843021583,0.5991194390655485,-0.0032491294289656025
DEV,rendimiento_proxy_batch,dir_Reducción_tasa_gn_nm3_min,298,0.7560596351294836,0.2611411116463938,1.2509781586125734,0.0027523000407999676,0.006,0.19401805403392086,0.0007592259938648658,0.02367559420937193
DEV,rendimiento_proxy_batch,dir_Reducción_tasa_o2_nm3_min,298,0.5237924094341586,0.05741701376676822,0.990167805101549,0.027717508417029715,0.062,0.10738280597739758,0.06412923630195608,0.009536961631780527
DEV,rendimiento_proxy_batch,dir_Reducción_tasa_aire_nm3_min,298,0.3429348648620678,-0.048068145222318115,0.7339378749464538,0.0856116663680098,0.254,0.07581907789520952,0.19181830648754847,0.0021970727296538595
DEV,recuperacion_refinada_pct_next,dist_total,298,-0.1312293501949554,-0.7478401307570525,0.48538143036714165,0.6765857600267702,0.596,-0.07009311996902691,0.22766566231099936,-0.0015349992433284498
DEV,recuperacion_refinada_pct_next,dist_F,297,-0.23876529720343054,-0.8761034802192497,0.3985728858123886,0.46279081839675507,0.352,-0.0697146799096165,0.23098221927690527,-0.0009278779967052397
DEV,recuperacion_refinada_pct_next,dist_R,298,0.041490799155123964,-0.5717986333059865,0.6547802316162344,0.8945119334027666,0.86,-0.13945982565885504,0.015991207434573832,-0.002247933959633963
DEV,recuperacion_refinada_pct_next,uplift_fisico_total_kg,298,0.21489669351459953,-0.35356560789793245,0.7833589949271315,0.4587369439984008,0.416,-0.06947550950030268,0.23179877857273626,-5.797268726270843e-05
DEV,recuperacion_refinada_pct_next,dir_Fusión_tasa_feed_Carbon_kg_min,297,0.5166396441516474,-0.11606804484682576,1.1493473331501205,0.10950647277999966,0.054,0.08995308106632617,0.12190581183035357,0.007349754647007822
DEV,recuperacion_refinada_pct_next,dir_Fusión_tasa_gn_nm3_min,297,0.18575431018765223,-0.43006766597357926,0.8015762863488837,0.5543888099993187,0.494,0.006990431615158462,0.904511376283767,-0.0017472227578176902
DEV,recuperacion_refinada_pct_next,dir_Fusión_tasa_o2_nm3_min,297,0.029358124196630538,-0.5270640548756267,0.5857803032688877,0.9176357950403835,0.932,-0.022623053996531108,0.6978056809363042,-0.0032210946824320352
DEV,recuperacion_refinada_pct_next,dir_Fusión_tasa_aire_nm3_min,297,0.8123381456793191,0.1933601755952814,1.4313161157633567,0.010104583000728716,0.002,0.1520355893245587,0.008681242867829758,0.018916159164160673
DEV,recuperacion_refinada_pct_next,dir_Reducción_tasa_feed_Carbon_kg_min,298,0.07852372524506665,-0.5555009532146751,0.7125484037048084,0.8082061794606832,0.778,0.010008073843154646,0.8634026568770581,-0.0020354864828164843
DEV,recuperacion_refinada_pct_next,dir_Reducción_tasa_gn_nm3_min,298,0.24006915348382565,-0.3419596335156103,0.8220979404832616,0.4188456956249914,0.372,0.09296462245677856,0.10925657257594541,0.0005605685466839594
DEV,recuperacion_refinada_pct_next,dir_Reducción_tasa_o2_nm3_min,298,0.1876300535520098,-0.30236261874885173,0.6776227258528713,0.45294299960462636,0.48,0.0897677233746224,0.12204620995064143,-0.0005776809309461228
DEV,recuperacion_refinada_pct_next,dir_Reducción_tasa_aire_nm3_min,298,0.24795252344342533,-0.3889455179557939,0.8848505648426446,0.44544016430847166,0.334,-0.03502497087099719,0.5469954387628896,0.000745623401903317
DEV,recuperacion_refinada_pct_media2,dist_total,298,-0.13838437352501037,-0.5516513854282936,0.2748826383782729,0.5116291745774784,0.48,-0.07598898730702437,0.1908216250247852,0.015305813530509305
DEV,recuperacion_refinada_pct_media2,dist_F,297,-0.33144839713128665,-0.8183429586127273,0.15544616435015407,0.182130111954108,0.096,-0.11872648728726803,0.04088400824402983,0.02140555122326382
DEV,recuperacion_refinada_pct_media2,dist_R,298,0.05222451448698695,-0.33128271211260923,0.43573174108658314,0.789545978511379,0.806,-0.09869700732747604,0.08898640900240025,0.013983704689790821
DEV,recuperacion_refinada_pct_media2,uplift_fisico_total_kg,298,0.033786225275025145,-0.4762262499210216,0.5437987004710719,0.8966933800030108,0.852,-0.10697244582135694,0.06515913444301738,0.013841628306486164
DEV,recuperacion_refinada_pct_media2,dir_Fusión_tasa_feed_Carbon_kg_min,297,0.5435086132980945,0.047077395974113256,1.0399398306220757,0.031886494655965984,0.008,0.1308829032911138,0.024083440213417535,0.03395963287689707
DEV,recuperacion_refinada_pct_media2,dir_Fusión_tasa_gn_nm3_min,297,0.24540628186671457,-0.20561092491258617,0.6964234886460153,0.28622009541071736,0.2,0.007870362100232795,0.8925600937897233,0.018194437628015536
DEV,recuperacion_refinada_pct_media2,dir_Fusión_tasa_o2_nm3_min,297,0.14529862004994804,-0.2896942595328854,0.5802914996327815,0.5126753977877638,0.478,-0.0038064665960269193,0.9479167777291116,0.015292546806858431
DEV,recuperacion_refinada_pct_media2,dir_Fusión_tasa_aire_nm3_min,297,0.5969748229871306,0.11898220786272201,1.074967438111539,0.014371570151744093,0.006,0.1706542954290962,0.0031749380716536444,0.034365025447514186
DEV,recuperacion_refinada_pct_media2,dir_Reducción_tasa_feed_Carbon_kg_min,298,0.07447496429114478,-0.40842216099169604,0.5573720895739855,0.7624416150173121,0.736,-0.0009479567009861484,0.9869986487029808,0.014215545414561492
DEV,recuperacion_refinada_pct_media2,dir_Reducción_tasa_gn_nm3_min,298,0.48013514066905283,0.06469251496150752,0.8955777663765981,0.02350233632727099,0.016,0.19570401615464703,0.0006810804553257303,0.03410345937120396
DEV,recuperacion_refinada_pct_media2,dir_Reducción_tasa_o2_nm3_min,298,0.38487344631536036,0.02210928920436772,0.747637603426353,0.037579004358217726,0.056,0.1383908110090706,0.016826876021764733,0.026739436280153628
DEV,recuperacion_refinada_pct_media2,dir_Reducción_tasa_aire_nm3_min,298,0.24747397749442626,-0.08718559507262405,0.5821335500614766,0.14723883725420073,0.216,0.02533771949421312,0.6631062638071986,0.019137442422612394
DEV,f_dross,dist_total,298,-0.0032912924512321405,-0.007730957246453067,0.0011483723439887862,0.1462248972382128,0.086,-0.03977715235775019,0.4939467317258977,0.08185738939892617
DEV,f_dross,dist_F,297,-0.001996420631129727,-0.00667116189383362,0.002678320631574166,0.4025740392419551,0.326,-0.015636515879094214,0.7884261609328851,0.08020321917861284
DEV,f_dross,dist_R,298,-0.002318051613934021,-0.006270667134924957,0.0016345639070569156,0.2503742507907448,0.262,-0.01787105838996154,0.7586680988733671,0.07838018316131468
DEV,f_dross,uplift_fisico_total_kg,298,-0.002175799954283179,-0.006143386240883137,0.0017917863323167796,0.28244985553594903,0.29,-0.00692408447296971,0.9052537194988772,0.07783223864930278
DEV,f_dross,dir_Fusión_tasa_feed_Carbon_kg_min,297,0.002008868602152562,-0.003234177094752625,0.007251914299057749,0.4526775884510805,0.342,0.03020781658742302,0.6040989020766239,0.08016339718218768
DEV,f_dross,dir_Fusión_tasa_gn_nm3_min,297,-0.001308190014386892,-0.006086650351599245,0.003470270322825462,0.5915607890793873,0.526,-0.03787892321602264,0.5155151348049531,0.07888825567825086
DEV,f_dross,dir_Fusión_tasa_o2_nm3_min,297,-0.003064553548829794,-0.008111497510345695,0.0019823904126861076,0.2340034635516035,0.136,-0.06159627910159205,0.2900282519123913,0.08418668682356234
DEV,f_dross,dir_Fusión_tasa_aire_nm3_min,297,-0.002397632200628919,-0.00759723734546149,0.0028019729442036517,0.36611475924085435,0.238,-0.15155760522191683,0.008896376680396547,0.08065296427828295
DEV,f_dross,dir_Reducción_tasa_feed_Carbon_kg_min,298,0.0005655525050677616,-0.003659328883288163,0.004790433893423686,0.7930397734839951,0.776,0.03447492472017384,0.5533119678930072,0.07457850027073143
DEV,f_dross,dir_Reducción_tasa_gn_nm3_min,298,-0.004861204026862452,-0.008693957273491901,-0.001028450780233003,0.012922962292477778,0.028,-0.13175218080012172,0.02292024152600344,0.09207536505096392
DEV,f_dross,dir_Reducción_tasa_o2_nm3_min,298,-0.0035824746590202967,-0.007377604271886929,0.0002126549538463353,0.0642933662461432,0.07,-0.09794042156104614,0.09147500615043475,0.08391181007529303
DEV,f_dross,dir_Reducción_tasa_aire_nm3_min,298,-0.0037021968534234023,-0.008466329071930581,0.001061935365083776,0.1277377468882768,0.058,-0.058647027041516885,0.31296575748463706,0.08460217908979706
DEV,f_polvo,dist_total,298,0.00405325916522681,-3.2916842228444994e-05,0.008139435172682064,0.05187432948241923,0.03,0.14427076732207259,0.012663717951070054,0.06256304252546951
DEV,f_polvo,dist_F,297,0.006263021784961604,0.001763281789178079,0.01076276178074513,0.006371933223474812,0.002,0.17512677916478894,0.0024553214075866323,0.07754827314770896
DEV,f_polvo,dist_R,298,0.0008237343429220853,-0.002476656653334217,0.004124125339178388,0.6247133287252066,0.638,0.08442754955821886,0.1459692589719727,0.04906375245155514
DEV,f_polvo,uplift_fisico_total_kg,298,0.0031564778962038993,-0.0010802346168179437,0.007393190409225743,0.14422633589057313,0.086,0.17257111192785796,0.0027991467813854205,0.05753201393693275
DEV,f_polvo,dir_Fusión_tasa_feed_Carbon_kg_min,297,-0.007814716777928698,-0.012568511970969035,-0.003060921584888361,0.0012731452702530496,0.0,-0.1949845336618959,0.0007285114838723421,0.09256838845717363
DEV,f_polvo,dir_Fusión_tasa_gn_nm3_min,297,-0.0017494084291966967,-0.006019850477527786,0.002521033619134393,0.4220271765915101,0.364,0.007973425275215475,0.8911618157447166,0.05069289852488679
DEV,f_polvo,dir_Fusión_tasa_o2_nm3_min,297,0.00018618633031069218,-0.004330789850784097,0.004703162511405482,0.9356103701207856,0.936,0.019044242502577042,0.7437827225906852,0.04827101278638157
DEV,f_polvo,dir_Fusión_tasa_aire_nm3_min,297,-0.0018106830517255893,-0.006358406275381718,0.002737040171930539,0.43517741713292724,0.292,-0.054146643784566316,0.3524261229903168,0.050253880198540934
DEV,f_polvo,dir_Reducción_tasa_feed_Carbon_kg_min,298,-0.001030741114480313,-0.004924834256005777,0.0028633520270451513,0.6039073925759877,0.6,-0.07492304228595402,0.197137475972385,0.04938635171710737
DEV,f_polvo,dir_Reducción_tasa_gn_nm3_min,298,-0.0026993923244323786,-0.006604231551972938,0.0012054469031081805,0.17544574210663877,0.158,-0.11206455992478405,0.05329840640508606,0.05521374475840901
DEV,f_polvo,dir_Reducción_tasa_o2_nm3_min,298,-0.0016554494353213083,-0.005610703904376037,0.00229980503373342,0.4120269462642614,0.386,-0.051828138446279925,0.3726440714982142,0.05096573520939829
DEV,f_polvo,dir_Reducción_tasa_aire_nm3_min,298,0.0002728482048027051,-0.002914323615685736,0.003460020025291146,0.8667492069130568,0.896,-0.020089381365911905,0.7298133319003447,0.04850099605320746
LOCKBOX,recuperacion_refinada_pct,dist_total,63,-0.07601136533505382,-1.2358476466002644,1.0838249159301567,0.8977938414860787,,0.08626152073732721,0.5014413675132235,0.048129671432440846
LOCKBOX,recuperacion_refinada_pct,dist_F,63,-0.007522819010159498,-1.2084204958855507,1.1933748578652317,0.9902039306740645,,0.14976958525345624,0.24136718236924493,0.04782752462103945
LOCKBOX,recuperacion_refinada_pct,dist_R,63,-0.09979963191541696,-1.3726044948165268,1.173005230985693,0.8778626542504018,,-0.051555299539170506,0.6882138489387224,0.04836554074722854
LOCKBOX,recuperacion_refinada_pct,uplift_fisico_total_kg,63,0.10626880956690599,-1.1785015889684822,1.3910392081022942,0.8712137702561998,,-0.06835637480798772,0.5945040838248332,0.048342213208198204
LOCKBOX,recuperacion_refinada_pct,dir_Fusión_tasa_feed_Carbon_kg_min,63,0.33886591031094415,-0.9763150015130433,1.6540468221349316,0.613559573317428,,-0.06682027649769584,0.6028328774784724,0.0531408868028751
LOCKBOX,recuperacion_refinada_pct,dir_Fusión_tasa_gn_nm3_min,63,-0.11049360631999472,-1.1097419094306047,0.8887546967906154,0.828421571577654,,0.0021601382488479265,0.9865943837464951,0.04854981835291683
LOCKBOX,recuperacion_refinada_pct,dir_Fusión_tasa_o2_nm3_min,63,0.23086559876790502,-0.9067444292303543,1.3684756267661644,0.6908119689796137,,0.11525537634408604,0.3683892139501673,0.05086124553431781
LOCKBOX,recuperacion_refinada_pct,dir_Fusión_tasa_aire_nm3_min,63,-0.23651815578702462,-1.3091469856777527,0.8361106741037034,0.6656117193394264,,-0.02068932411674347,0.872136584290418,0.05129995107397367
LOCKBOX,recuperacion_refinada_pct,dir_Reducción_tasa_feed_Carbon_kg_min,63,-0.15766578436600964,-1.4666522981724035,1.1513207294403842,0.8133743141258755,,0.07474078341013826,0.5604506509481785,0.04896593490953849
LOCKBOX,recuperacion_refinada_pct,dir_Reducción_tasa_gn_nm3_min,63,-0.556640585433908,-1.6264247370826717,0.5131435662148556,0.3078101885135158,,-0.036290322580645164,0.7776594957813303,0.06673321233195095
LOCKBOX,recuperacion_refinada_pct,dir_Reducción_tasa_o2_nm3_min,63,-0.21724745444916627,-1.2956162964702773,0.8611213875719448,0.6929513683136153,,-0.026353686635944704,0.8375543665672014,0.05063838711010327
LOCKBOX,recuperacion_refinada_pct,dir_Reducción_tasa_aire_nm3_min,63,-0.6073644130494615,-1.3147993756954741,0.10007054959655093,0.09243001592603659,,-0.06912442396313365,0.5903590134617456,0.0695713457154492
LOCKBOX,rendimiento_proxy_batch,dist_total,63,-0.1997597492518126,-1.3028917196356524,0.9033722211320272,0.722650669052265,,0.07022849462365592,0.5844233219299109,0.04300285406010107
LOCKBOX,rendimiento_proxy_batch,dist_F,63,-0.06638145697883324,-1.2250707383873314,1.092307824429665,0.9105961764870155,,0.14655337941628266,0.2517376763224147,0.040996209829214814
LOCKBOX,rendimiento_proxy_batch,dist_R,63,-0.22261948507147244,-1.446753422779541,1.0015144526365962,0.721513603000455,,-0.06912442396313365,0.5903590134617456,0.04362229310031418
LOCKBOX,rendimiento_proxy_batch,uplift_fisico_total_kg,63,-0.024787563013947356,-1.2454052075633426,1.195830081535448,0.9682511729163954,,-0.08947772657450076,0.485561056597523,0.040803711449024505
LOCKBOX,rendimiento_proxy_batch,dir_Fusión_tasa_feed_Carbon_kg_min,63,0.3022742338135771,-0.9297893924460867,1.534337860073241,0.6306180245655859,,-0.06960445468509985,0.5877749524232627,0.04525206865478959
LOCKBOX,rendimiento_proxy_batch,dir_Fusión_tasa_gn_nm3_min,63,-0.002931019120569256,-0.956932080337282,0.9510700420961435,0.9951954211889784,,0.024769585253456225,0.8471978002523056,0.04077445035875371
LOCKBOX,rendimiento_proxy_batch,dir_Fusión_tasa_o2_nm3_min,63,0.28838795173365317,-0.8142858256177439,1.3910617290850502,0.6082315207767226,,0.1298483102918587,0.3104383671541908,0.04578994408143666
LOCKBOX,rendimiento_proxy_batch,dir_Fusión_tasa_aire_nm3_min,63,-0.15378860332056465,-1.2141449304466583,0.906567723805529,0.7762088003475619,,-0.01886520737327189,0.8833274110253283,0.04232934830120394
LOCKBOX,rendimiento_proxy_batch,dir_Reducción_tasa_feed_Carbon_kg_min,63,-0.087635029330279,-1.392794513836883,1.217524455176325,0.895299162429803,,0.0855894777265745,0.5047931813737988,0.041147134754033754
LOCKBOX,rendimiento_proxy_batch,dir_Reducción_tasa_gn_nm3_min,63,-0.6150606577687567,-1.672669290563729,0.44254797502621557,0.2543560729339802,,-0.038834485407066056,0.7625143139744234,0.06521405371746569
LOCKBOX,rendimiento_proxy_batch,dir_Reducción_tasa_o2_nm3_min,63,-0.23289569758629947,-1.2987767602603415,0.8329853650877426,0.6684666487180217,,-0.016081029185867898,0.9004512810959208,0.044197114191608655
LOCKBOX,rendimiento_proxy_batch,dir_Reducción_tasa_aire_nm3_min,63,-0.6707201000523326,-1.392132075501126,0.050691875396460695,0.06841826620989429,,-0.07747695852534563,0.5461440837638933,0.06885001478760067
LOCKBOX,recuperacion_refinada_pct_next,dist_total,62,-1.107768024649914,-2.6317701985635615,0.4162341492637338,0.15425541316980665,,-0.1624486917982423,0.20713252188278394,0.015349454944584728
LOCKBOX,recuperacion_refinada_pct_next,dist_F,62,-1.322977584337322,-2.7637288838941214,0.11777371521947755,0.07190053157329812,,0.005363753116265015,0.9669969390588596,0.035594672628683655
LOCKBOX,recuperacion_refinada_pct_next,dist_R,62,-0.4191721356819471,-1.7730921730357332,0.934747901671839,0.5439818781546024,,-0.26594646319659543,0.03668667133702454,-0.043437494329747084
LOCKBOX,recuperacion_refinada_pct_next,uplift_fisico_total_kg,62,-1.0413399923417348,-2.612804810771479,0.5301248260880094,0.1940190461647746,,-0.2264108181612148,0.07680428097113345,-0.0007295792896984121
LOCKBOX,recuperacion_refinada_pct_next,dir_Fusión_tasa_feed_Carbon_kg_min,62,1.5890710526743357,0.2610163224462203,2.917125782902451,0.019018101673323143,,0.05769182342424014,0.6560362096563885,0.06995365562019507
LOCKBOX,recuperacion_refinada_pct_next,dir_Fusión_tasa_gn_nm3_min,62,-0.8031342787820004,-2.096774527516269,0.49050596995226825,0.2236765526052814,,-0.1744352950064214,0.17510728548329516,-0.012714392586017143
LOCKBOX,recuperacion_refinada_pct_next,dir_Fusión_tasa_o2_nm3_min,62,-0.7030343158092885,-2.068324025213545,0.6622553935949681,0.31285359400306756,,-0.14960590264662185,0.24581677101961066,-0.023421235126027895
LOCKBOX,recuperacion_refinada_pct_next,dir_Fusión_tasa_aire_nm3_min,62,-0.21059798556673626,-1.1456370770552566,0.7244411059217842,0.6588938622437883,,-0.04021555740223112,0.7563032609503382,-0.050565198806328926
LOCKBOX,recuperacion_refinada_pct_next,dir_Reducción_tasa_feed_Carbon_kg_min,62,1.2909225486797355,0.052819265529588044,2.529025831829883,0.04099516895775013,,0.2733499534134119,0.03158041493893217,0.028485249674164548
LOCKBOX,recuperacion_refinada_pct_next,dir_Reducción_tasa_gn_nm3_min,62,0.42869210249542533,-0.8691866674713571,1.7265708724622078,0.517385875562425,,0.09763037949182846,0.45030671118912846,-0.041553926963829424
LOCKBOX,recuperacion_refinada_pct_next,dir_Reducción_tasa_o2_nm3_min,62,0.398004076572013,-1.1266323942058372,1.9226405473498631,0.6088990130320595,,0.02344438568658558,0.856470192001841,-0.04340116464963217
LOCKBOX,recuperacion_refinada_pct_next,dir_Reducción_tasa_aire_nm3_min,62,0.520300227335081,-0.9218454711090933,1.9624459257792553,0.4794920630713265,,0.17690312507869357,0.1689874472020895,-0.036549387927289345
LOCKBOX,recuperacion_refinada_pct_media2,dist_total,62,-0.6568413841988263,-1.4730059217893055,0.1593231533916527,0.11471266826955258,,-0.09858729319332174,0.4458576890355253,0.13469668763179143
LOCKBOX,recuperacion_refinada_pct_media2,dist_F,62,-0.6550736638289822,-1.5674250191577919,0.2572776914998275,0.15934860981152488,,0.0527561632796958,0.6838373162081022,0.13006385855292202
LOCKBOX,recuperacion_refinada_pct_media2,dist_R,62,-0.3603205320404565,-1.1681805119706596,0.4475394478897466,0.382020081988765,,-0.2186044169121906,0.08782651981215045,0.10182095463312224
LOCKBOX,recuperacion_refinada_pct_media2,uplift_fisico_total_kg,62,-0.5267325274538179,-1.485030921415317,0.43156586650768103,0.281345365888766,,-0.18445770693258795,0.15122687746552801,0.11370850021593293
LOCKBOX,recuperacion_refinada_pct_media2,dir_Fusión_tasa_feed_Carbon_kg_min,62,0.8680529601360356,0.007207340807885543,1.7288985794641856,0.04811248156936615,,0.02304147465437788,0.8589114257723455,0.15946439258998302
LOCKBOX,recuperacion_refinada_pct_media2,dir_Fusión_tasa_gn_nm3_min,62,-0.4178464104412849,-1.158363907007919,0.3226710861253492,0.26875483090968566,,-0.11213517665130569,0.38554459198260804,0.10888221008021393
LOCKBOX,recuperacion_refinada_pct_media2,dir_Fusión_tasa_o2_nm3_min,62,-0.2308920635206812,-0.9920992186659094,0.5303150916245469,0.5521755681880325,,-0.018458361663015285,0.8867675948760014,0.09359633407511381
LOCKBOX,recuperacion_refinada_pct_media2,dir_Fusión_tasa_aire_nm3_min,62,-0.11485698971829239,-0.7819842911971132,0.5522703117605284,0.7357850922972233,,0.005968119664576566,0.9632807147605772,0.08894936262230957
LOCKBOX,recuperacion_refinada_pct_media2,dir_Reducción_tasa_feed_Carbon_kg_min,62,0.5426497296071551,-0.304291479371533,1.3895909385858431,0.20919484776625874,,0.20742363576842687,0.10573497991145583,0.11563919773434073
LOCKBOX,recuperacion_refinada_pct_media2,dir_Reducción_tasa_gn_nm3_min,62,-0.10232464734655577,-1.0318858782120701,0.8272365835189585,0.8291828023654636,,0.02490493817833849,0.8476320976702694,0.08856928958586485
LOCKBOX,recuperacion_refinada_pct_media2,dir_Reducción_tasa_o2_nm3_min,62,0.07029652850006762,-1.009125146236586,1.1497182032367212,0.8984329349988054,,-0.03250988391125884,0.8019379318483819,0.08785224606433673
LOCKBOX,recuperacion_refinada_pct_media2,dir_Reducción_tasa_aire_nm3_min,62,-0.10143759194695035,-1.0337573063913832,0.8308821224974825,0.8311346077362832,,0.0865503261061167,0.5035684325710803,0.08849783918448395
LOCKBOX,f_dross,dist_total,63,-0.0005751626208979242,-0.01077019748012271,0.009619872238326862,0.9119547698144903,,-0.12557603686635946,0.3267612355997154,0.04029065816126842
LOCKBOX,f_dross,dist_F,63,-0.0012061393518301147,-0.012955763179365549,0.010543484475705321,0.8405444956135643,,-0.1923963133640553,0.13087230028120667,0.04095027623965608
LOCKBOX,f_dross,dist_R,63,0.00022257729794573672,-0.009546097721521908,0.009991252317413383,0.9643804011025929,,0.11467933947772657,0.3708036065532599,0.04010289349098972
LOCKBOX,f_dross,uplift_fisico_total_kg,63,0.00015281703503076689,-0.009196176615990138,0.00950181068605167,0.9744423587452401,,0.0764688940092166,0.551394333038005,0.04008229706995292
LOCKBOX,f_dross,dir_Fusión_tasa_feed_Carbon_kg_min,63,-0.0024910018271908467,-0.014587413604535715,0.009605409950154022,0.6864970314665267,,0.07469278033794163,0.5607032148713391,0.04372185865719336
LOCKBOX,f_dross,dir_Fusión_tasa_gn_nm3_min,63,7.752910747834806e-05,-0.012155907033346316,0.01231096524830301,0.9900895514769286,,0.01708909370199693,0.8942456221908277,0.04007323012976216
LOCKBOX,f_dross,dir_Fusión_tasa_o2_nm3_min,63,-0.005144654363629737,-0.015017908202321541,0.004728599475062067,0.3071227306043438,,-0.07262864823348694,0.5716139818514675,0.05924402592266842
LOCKBOX,f_dross,dir_Fusión_tasa_aire_nm3_min,63,0.00236363457748051,-0.006833654119288799,0.011560923274249818,0.614474934309729,,0.053043394777265745,0.6796953500202638,0.044482254671970756
LOCKBOX,f_dross,dir_Reducción_tasa_feed_Carbon_kg_min,63,0.003657362237679064,-0.0070803671149959,0.014395091590354028,0.5044014362146121,,-0.0081605222734255,0.9493873831772358,0.04787732234064035
LOCKBOX,f_dross,dir_Reducción_tasa_gn_nm3_min,63,-0.004481234692290488,-0.014174192888712064,0.005211723504131089,0.3648682278996669,,-0.1877400153609831,0.1406332547367379,0.055653000190839186
LOCKBOX,f_dross,dir_Reducción_tasa_o2_nm3_min,63,-0.005060525948316411,-0.014902003293266583,0.004780951396633761,0.3135403506875756,,-0.11290322580645162,0.37830807799708,0.05948315809879512
LOCKBOX,f_dross,dir_Reducción_tasa_aire_nm3_min,63,0.00048678988165370713,-0.007646897471766874,0.008620477235074288,0.9066214375478109,,0.03115399385560676,0.8084824364809872,0.040246339503404616
LOCKBOX,f_polvo,dist_total,63,0.0025727601134160633,-0.0064263389878474846,0.011571859214679611,0.575250430392902,,0.07315668202764976,0.5688135028224697,0.020106796051990283
LOCKBOX,f_polvo,dist_F,63,0.0018699539216184523,-0.006932961864334255,0.01067286970757116,0.677158202814784,,0.07546082949308756,0.5566686560681053,0.016277370052656726
LOCKBOX,f_polvo,dist_R,63,0.002003617552768987,-0.008329322545947503,0.012336557651485475,0.703909423821852,,-0.0974462365591398,0.44738731841556023,0.017353464337823588
LOCKBOX,f_polvo,uplift_fisico_total_kg,63,9.505859510877505e-05,-0.009561748980263345,0.009751866170480895,0.9846071504669532,,-0.02889784946236559,0.8221166858138655,0.012791797745233868
LOCKBOX,f_polvo,dir_Fusión_tasa_feed_Carbon_kg_min,63,-0.0005317405109448274,-0.009379860123923922,0.008316379102034267,0.9062365390773709,,-0.011184715821812595,0.930670810678789,0.013057617454882764
LOCKBOX,f_polvo,dir_Fusión_tasa_gn_nm3_min,63,-4.8218916272628996e-05,-0.008543918767437684,0.008447480934892428,0.9911244049305841,,-0.07070852534562212,0.5818510604444644,0.012786011586858437
LOCKBOX,f_polvo,dir_Fusión_tasa_o2_nm3_min,63,0.002260774846293223,-0.004987438699815875,0.009508988392402322,0.540982331362616,,-0.11136712749615976,0.38487140565674777,0.01888928029853909
LOCKBOX,f_polvo,dir_Fusión_tasa_aire_nm3_min,63,-0.0008257485442748997,-0.008794889849793652,0.007143392761243854,0.8390662079833933,,-0.0025921658986175116,0.9839135852555536,0.013671391659644483
LOCKBOX,f_polvo,dir_Reducción_tasa_feed_Carbon_kg_min,63,-0.002781011944376253,-0.013318875507081294,0.00775685161832879,0.604983419510051,,-0.06576420890937021,0.6085884545560836,0.02022817220228046
LOCKBOX,f_polvo,dir_Reducción_tasa_gn_nm3_min,63,0.010631841269977994,0.0047402875635488935,0.016523394976407094,0.0004048035782143477,,0.28259408602150543,0.02482856380715737,0.1574377790714473
LOCKBOX,f_polvo,dir_Reducción_tasa_o2_nm3_min,63,0.007389482924179436,0.0013464539679413903,0.013432511880417483,0.01654500957964695,,0.16109831029185867,0.2071899539789959,0.08104614503482033
LOCKBOX,f_polvo,dir_Reducción_tasa_aire_nm3_min,63,0.006220411118869636,0.0008943755370646334,0.011546446700674638,0.02207404768401363,,0.044402841781874036,0.7296812228817992,0.06061747988361066
TOTAL,recuperacion_refinada_pct,dist_total,361,-0.024778925936828428,-0.5060067989589978,0.4564489470853409,0.9196134955543854,0.902,0.004097734474458353,0.9381563749944933,0.005450326225441615
TOTAL,recuperacion_refinada_pct,dist_F,360,-0.11844983272425424,-0.642839140234804,0.40593947478629555,0.6579685890497039,0.634,-0.016838994429427663,0.7501747951223173,0.006717393437751573
TOTAL,recuperacion_refinada_pct,dist_R,361,0.013057208813839661,-0.39326519623388145,0.41937961386156075,0.9497795417775523,0.948,-0.023172310356852428,0.6608021882978777,0.005431759709672468
TOTAL,recuperacion_refinada_pct,uplift_fisico_total_kg,361,-0.022122288287231666,-0.5407163691414854,0.49647179256702206,0.9333676854447539,0.916,-0.0428380962535268,0.41709374683324885,0.00544578878537838
TOTAL,recuperacion_refinada_pct,dir_Fusión_tasa_feed_Carbon_kg_min,360,0.2195179601566447,-0.3576000972158536,0.796636017529143,0.45596345459793963,0.338,0.03168696019065818,0.5489879163534896,0.008110586050399715
TOTAL,recuperacion_refinada_pct,dir_Fusión_tasa_gn_nm3_min,360,0.15921677536239143,-0.37181141297529074,0.6902449637000736,0.5567666984669539,0.498,-0.016492795671206067,0.755145622284662,0.007135817489993701
TOTAL,recuperacion_refinada_pct,dir_Fusión_tasa_o2_nm3_min,360,0.21438864025690907,-0.3151599331276297,0.7439372136414478,0.42748962603842,0.328,0.017037557164455205,0.7473284104360456,0.00799941685733263
TOTAL,recuperacion_refinada_pct,dir_Fusión_tasa_aire_nm3_min,360,0.3218441208002609,-0.21963737868120536,0.8633256202817272,0.24403623282550635,0.156,0.11669753134397827,0.02682538312515604,0.00980762655276246
TOTAL,recuperacion_refinada_pct,dir_Reducción_tasa_feed_Carbon_kg_min,361,-0.07757831270771655,-0.5791471794807074,0.4239905540652743,0.761775404030527,0.744,-0.006720393423727967,0.8987456393719748,0.00570920615729309
TOTAL,recuperacion_refinada_pct,dir_Reducción_tasa_gn_nm3_min,361,0.4934983965260391,0.052742228520174295,0.9342545645319039,0.028199537237112,0.04,0.14707746257495588,0.0051099004849824905,0.01780212026335115
TOTAL,recuperacion_refinada_pct,dir_Reducción_tasa_o2_nm3_min,361,0.47760726055162245,0.06890745068871135,0.8863070704145335,0.021997149733602832,0.036,0.09504879504101764,0.07127058034819253,0.016907599796153305
TOTAL,recuperacion_refinada_pct,dir_Reducción_tasa_aire_nm3_min,361,0.08305187993017872,-0.2942965398962198,0.4604002997565772,0.6661956883047367,0.732,0.027405492474747797,0.6037635463503407,0.005769136930517504
TOTAL,rendimiento_proxy_batch,dist_total,361,0.014974923450397325,-0.4789796903949991,0.5089295372957937,0.9526183454228737,0.954,0.004146198187508281,0.9374264396848379,0.002824229050748861
TOTAL,rendimiento_proxy_batch,dist_F,360,-0.1314279373786067,-0.6704911014814129,0.4076352267241995,0.632753417755858,0.568,-0.0285984351618878,0.5886173960278488,0.0042932512286687485
TOTAL,rendimiento_proxy_batch,dist_R,361,0.07120095098640207,-0.33795149213148523,0.48035339410428934,0.7330478017623985,0.76,-0.014866131609735959,0.7783327100232037,0.0030587424819291664
TOTAL,rendimiento_proxy_batch,uplift_fisico_total_kg,361,0.011913428837680066,-0.5071289676632796,0.5309558253386398,0.9641180838062264,0.964,-0.042426409764776365,0.4215887162542378,0.002820999717603745
TOTAL,rendimiento_proxy_batch,dir_Fusión_tasa_feed_Carbon_kg_min,360,0.2263284876944076,-0.3590168476055551,0.8116738229943703,0.4485492527697975,0.394,0.04316167430695835,0.4142327117186466,0.00562896366329535
TOTAL,rendimiento_proxy_batch,dir_Fusión_tasa_gn_nm3_min,360,0.17612793360568668,-0.36888057034891464,0.721136437560288,0.5264772324781639,0.454,-0.017256181937477758,0.7441984029100227,0.004782215414477764
TOTAL,rendimiento_proxy_batch,dir_Fusión_tasa_o2_nm3_min,360,0.2456787190157197,-0.3025413822354748,0.7938988202669142,0.37976141446405176,0.314,0.015753586732774518,0.7657930291498992,0.005958005882810924
TOTAL,rendimiento_proxy_batch,dir_Fusión_tasa_aire_nm3_min,360,0.37392807046371423,-0.1740299180565511,0.9218860589839796,0.18106439875666658,0.14,0.1352850095463557,0.01017720255534025,0.008372685009766068
TOTAL,rendimiento_proxy_batch,dir_Reducción_tasa_feed_Carbon_kg_min,361,-0.09610475941051974,-0.5967112732126768,0.40450175439163727,0.7067181781804952,0.668,0.0011011476984185535,0.9833659080961317,0.0032373151014516433
TOTAL,rendimiento_proxy_batch,dir_Reducción_tasa_gn_nm3_min,361,0.5149767680463174,0.07186491728643918,0.9580886188061957,0.02273637846598322,0.022,0.14762051185661496,0.004946832007967689,0.015795466863031682
TOTAL,rendimiento_proxy_batch,dir_Reducción_tasa_o2_nm3_min,361,0.4350004402587254,0.019423314056626062,0.8505775664608248,0.04021155650324013,0.076,0.08042077261579991,0.12721754050612485,0.011988717795811565
TOTAL,rendimiento_proxy_batch,dir_Reducción_tasa_aire_nm3_min,361,0.1565368872771054,-0.22135474082546586,0.5344285153796766,0.41685440772155125,0.51,0.043167693545809765,0.41351542944979247,0.003998015472037486
TOTAL,recuperacion_refinada_pct_next,dist_total,360,-0.1616878561117674,-0.7119624746095545,0.38858676238601975,0.5646837314135432,0.516,-0.030097462196844647,0.5692189675265523,0.011943702082866547
TOTAL,recuperacion_refinada_pct_next,dist_F,359,-0.17762785466539535,-0.7507568573315628,0.3955011480007722,0.543555805101503,0.418,-0.012106711484611595,0.8191815159707947,0.01138008934250101
TOTAL,recuperacion_refinada_pct_next,dist_R,360,-0.03278528993249541,-0.576447319372656,0.5108767395076652,0.9059133645060895,0.902,-0.11582254469892923,0.02799648868893051,0.01083548598548345
TOTAL,recuperacion_refinada_pct_next,uplift_fisico_total_kg,360,0.18597838312077375,-0.34968605315823276,0.7216428193997803,0.49619822126871593,0.45,-0.011733632649849191,0.8244202185501811,0.012392430686272715
TOTAL,recuperacion_refinada_pct_next,dir_Fusión_tasa_feed_Carbon_kg_min,359,0.41232591006536856,-0.13593509034990403,0.9605869104806412,0.14047804600939723,0.056,0.04276058646835684,0.41923945260957574,0.0170944806537634
TOTAL,recuperacion_refinada_pct_next,dir_Fusión_tasa_gn_nm3_min,359,-0.10350409564186443,-0.7040805807498437,0.4970723894661148,0.7355270067886841,0.67,-0.06762318998656314,0.20115362059945807,0.010531404407075562
TOTAL,recuperacion_refinada_pct_next,dir_Fusión_tasa_o2_nm3_min,359,-0.17401210310934984,-0.7155755426056851,0.3675513363869855,0.5288486435441404,0.472,-0.08881194513227812,0.09291856571080342,0.011340431693506847
TOTAL,recuperacion_refinada_pct_next,dir_Fusión_tasa_aire_nm3_min,359,0.6525863930083491,0.12024885362767967,1.1849239323890184,0.01627466447612173,0.004,0.13690888389601155,0.009397428555601623,0.02525124651104338
TOTAL,recuperacion_refinada_pct_next,dir_Reducción_tasa_feed_Carbon_kg_min,360,0.11960600589563519,-0.45021403475592914,0.6894260465471995,0.6807798982974005,0.638,-0.011132559063683906,0.8332794930931697,0.011468253068310341
TOTAL,recuperacion_refinada_pct_next,dir_Reducción_tasa_gn_nm3_min,360,0.2606518931203722,-0.240518702778577,0.7618224890193214,0.308036762424744,0.252,0.08992829024039438,0.08842052404553892,0.01426762809673121
TOTAL,recuperacion_refinada_pct_next,dir_Reducción_tasa_o2_nm3_min,360,0.23367024037144402,-0.2048320492302031,0.6721725299730912,0.29628616385418316,0.31,0.06542433287241915,0.2155865211889825,0.013555430754101816
TOTAL,recuperacion_refinada_pct_next,dir_Reducción_tasa_aire_nm3_min,360,0.24762818409556298,-0.28097422888499446,0.7762305970761204,0.3585343828081663,0.31,-0.0038945823843611043,0.9412985963992413,0.013884668814181045
TOTAL,recuperacion_refinada_pct_media2,dist_total,360,-0.10483009197644488,-0.4721808615963112,0.2625206776434214,0.5759497151893496,0.58,-0.010212787190433184,0.8468766232923184,0.029501589338830958
TOTAL,recuperacion_refinada_pct_media2,dist_F,359,-0.15480764937401637,-0.5670330322820617,0.25741773353402897,0.46170185786289863,0.36,-0.026025578181266745,0.6230885180313007,0.03026321357734274
TOTAL,recuperacion_refinada_pct_media2,dist_R,360,-0.019420304848273062,-0.37499434584347136,0.33615373614692523,0.9147517743122016,0.92,-0.071904453872458,0.1734160512610833,0.02867240316916886
TOTAL,recuperacion_refinada_pct_media2,uplift_fisico_total_kg,360,0.0794457553274106,-0.3558667253058367,0.514758235960658,0.7205686156596852,0.666,-0.020018678132465193,0.705026000268728,0.029157947608686285
TOTAL,recuperacion_refinada_pct_media2,dir_Fusión_tasa_feed_Carbon_kg_min,359,0.31328758832612735,-0.10468877840641483,0.7312639550586695,0.1418164973117033,0.082,0.05148808366103835,0.3306511941595863,0.03561674838420936
TOTAL,recuperacion_refinada_pct_media2,dir_Fusión_tasa_gn_nm3_min,359,0.033475449978334904,-0.391535805070894,0.45848670502756383,0.8773148736015626,0.86,-0.07673687568800848,0.1467726534834808,0.02866205136407951
TOTAL,recuperacion_refinada_pct_media2,dir_Fusión_tasa_o2_nm3_min,359,0.02227506327641333,-0.38767591127759393,0.4322260378304206,0.9151884751510209,0.894,-0.07545563241514529,0.1536580789289733,0.028621014274401002
TOTAL,recuperacion_refinada_pct_media2,dir_Fusión_tasa_aire_nm3_min,359,0.5072029891309436,0.09432593933006672,0.9200800389318206,0.016051714026011753,0.004,0.17004458415870982,0.0012196945113873644,0.044539788721581486
TOTAL,recuperacion_refinada_pct_media2,dir_Reducción_tasa_feed_Carbon_kg_min,360,0.008339396919153086,-0.42645510245277424,0.4431338962910804,0.970012761312183,0.966,-0.03997026722208881,0.44962090372115954,0.028644732277675944
TOTAL,recuperacion_refinada_pct_media2,dir_Reducción_tasa_gn_nm3_min,360,0.3763003860275682,0.018175550356750947,0.7344252216983855,0.03945248341373487,0.034,0.15906961084665736,0.0024704893763835196,0.04146894256615952
TOTAL,recuperacion_refinada_pct_media2,dir_Reducción_tasa_o2_nm3_min,360,0.3615108965348567,0.04036179047437505,0.6826600025953383,0.027363640973261782,0.028,0.09836020246848912,0.062281529589843745,0.04036287350626333
TOTAL,recuperacion_refinada_pct_media2,dir_Reducción_tasa_aire_nm3_min,360,0.16006392211370013,-0.16862644516571923,0.4887542893931195,0.3398543654962387,0.348,0.024183602475865332,0.6474391150995691,0.03092830347789033
TOTAL,f_dross,dist_total,361,-0.004426484869390466,-0.008781643725372129,-7.132601340880361e-05,0.04636414328632288,0.022,-0.0825780858822935,0.11729754288425444,0.0576962180152909
TOTAL,f_dross,dist_F,360,-0.004827394816464226,-0.009268535470733776,-0.00038625416219467516,0.03313648776354082,0.02,-0.0835694480906785,0.11345012001989532,0.06170992892389382
TOTAL,f_dross,dist_R,361,-0.0016308296501008133,-0.005330713200073238,0.0020690538998716116,0.3876371872612967,0.408,-0.02239995102611085,0.6714372706076056,0.04705557194276311
TOTAL,f_dross,uplift_fisico_total_kg,361,-0.0033344056805663606,-0.0071222728381459665,0.0004534614770132458,0.08446829419355827,0.088,-0.05357995071495628,0.3100019977699652,0.0525741393893564
TOTAL,f_dross,dir_Fusión_tasa_feed_Carbon_kg_min,360,0.004438696249781259,-0.00035034286633719297,0.00922773536589971,0.06928106063079044,0.026,0.08110027418360023,0.12455087990636718,0.05985849347992411
TOTAL,f_dross,dir_Fusión_tasa_gn_nm3_min,360,0.0005309736228449671,-0.004241531392762272,0.005303478638452206,0.8273828960323886,0.772,0.0270078756367449,0.6095265163787986,0.04840205142916876
TOTAL,f_dross,dir_Fusión_tasa_o2_nm3_min,360,-0.002194723755179498,-0.007166135647358463,0.0027766881369994676,0.38689437129339754,0.226,-0.012484760567664373,0.8133806380051777,0.05105135216382872
TOTAL,f_dross,dir_Fusión_tasa_aire_nm3_min,360,-0.0022941230586979045,-0.007009757900016667,0.002421511782620858,0.3403324199213378,0.248,-0.12912056256396567,0.014220635048735638,0.05094378059420002
TOTAL,f_dross,dir_Reducción_tasa_feed_Carbon_kg_min,361,0.0023535144957247405,-0.001733483835977981,0.006440512827427462,0.25904416895707016,0.224,0.07036734256616244,0.18220490485749627,0.048950046535666814
TOTAL,f_dross,dir_Reducción_tasa_gn_nm3_min,361,-0.004622068733271365,-0.008103048407927372,-0.0011410890586153574,0.00925593263909504,0.008,-0.1349954450435583,0.010235144605444923,0.060916900412969044
TOTAL,f_dross,dir_Reducción_tasa_o2_nm3_min,361,-0.004114366045320918,-0.007505122366466859,-0.0007236097241749779,0.017395820354820363,0.048,-0.09355713135072628,0.07584568100957417,0.05751859682934679
TOTAL,f_dross,dir_Reducción_tasa_aire_nm3_min,361,-0.0025793906727016214,-0.006640904077490845,0.0014821227320876026,0.21322872945049276,0.144,-0.03331118454365786,0.5281107553611725,0.04997487207292883
TOTAL,f_polvo,dist_total,361,0.004276735634886488,0.0006109439986799457,0.007942527271093031,0.02221840575344332,0.016,0.1156665584310446,0.02799024236695931,0.056151372655291576
TOTAL,f_polvo,dist_F,360,0.006141674190250289,0.0022684164406682615,0.010014931939832317,0.001884609150440936,0.0,0.14913476031452677,0.004573015308391048,0.06881360029735328
TOTAL,f_polvo,dist_R,361,0.0009188201402367568,-0.0021778292118129847,0.004015469492286499,0.5608702755877845,0.582,0.06107479871601504,0.2470773300247376,0.04148330013578139
TOTAL,f_polvo,uplift_fisico_total_kg,361,0.0032152713921895573,-0.0006256264939181735,0.007056169278297288,0.10085673279203035,0.052,0.13419321564133616,0.01069888885454044,0.0498108020126139
TOTAL,f_polvo,dir_Fusión_tasa_feed_Carbon_kg_min,360,-0.006701981126725375,-0.010640914881286174,-0.0027630473721645754,0.0008535411826218057,0.0,-0.16277308806690427,0.00194601545509226,0.07490964506278586
TOTAL,f_polvo,dir_Fusión_tasa_gn_nm3_min,360,-0.0022922529589016758,-0.006320215110932761,0.0017357091931294094,0.2646849771605382,0.176,-0.001098525183034498,0.9834286755966718,0.044269015494686315
TOTAL,f_polvo,dir_Fusión_tasa_o2_nm3_min,360,-0.00026206343497768396,-0.00453475712521014,0.0040106302552547725,0.9043141293126363,0.882,0.01627159884203031,0.7583269429306337,0.04048798218389216
TOTAL,f_polvo,dir_Fusión_tasa_aire_nm3_min,360,-0.0014451576459392143,-0.005416272015629764,0.002525956723751335,0.4756817837284548,0.352,-0.042271742877948895,0.4239321254544354,0.04183066027552229
TOTAL,f_polvo,dir_Reducción_tasa_feed_Carbon_kg_min,361,-0.001392466901619539,-0.00493075108541481,0.002145817282175733,0.4405113149583697,0.446,-0.0667302647269801,0.20591142833062548,0.04244093307770136
TOTAL,f_polvo,dir_Reducción_tasa_gn_nm3_min,361,-0.0005276989471918051,-0.0037906977650651163,0.002735299870681506,0.7512667854736946,0.75,-0.04401402949585814,0.40441037840114197,0.040945338845970514
TOTAL,f_polvo,dir_Reducción_tasa_o2_nm3_min,361,-0.00023563835726630425,-0.0036449193545222856,0.0031736426399896767,0.8922432047046103,0.868,-0.018431280197804805,0.7270822127280839,0.04072748233686674
TOTAL,f_polvo,dir_Reducción_tasa_aire_nm3_min,361,0.0010140217999305477,-0.0022553743555450484,0.004283417955406143,0.5432577993617999,0.544,-0.014695998296128093,0.7808046350131105,0.041662853384213494
DEV,recuperacion_refinada_pct,dist_total_placebo,298,0.24165992223012783,-0.3265852493903521,0.8099050938506078,0.404550502547634,,0.0398220266910083,0.4934591899075708,-0.0009092055364585683
DEV,recuperacion_refinada_pct,dist_F_placebo,297,0.38111338930978805,-0.14297467199374853,0.9052014506133246,0.1540783272609119,,0.04844472294136724,0.4054941036118503,0.004139937254024728
DEV,recuperacion_refinada_pct,dist_R_placebo,298,0.029288292836977592,-0.5215655484546555,0.5801421341286108,0.9170033893489868,,0.021891832513367383,0.7066429855850124,-0.0036556214208582904
DEV,rendimiento_proxy_batch,dist_total_placebo,298,0.28943934804767213,-0.2873191500932516,0.8661978461885959,0.32531986732652074,,0.05125098938930278,0.37799831057705097,0.0004419072028017945
DEV,rendimiento_proxy_batch,dist_F_placebo,297,0.4351854493548458,-0.10242306122214351,0.9727939599318352,0.11261248095551499,,0.06079248864483764,0.2963804246329253,0.006170400013438382
DEV,rendimiento_proxy_batch,dist_R_placebo,298,0.04465006483399414,-0.5177906754039684,0.6070908050719567,0.8763528942475111,,0.031631663087747126,0.5865182770274187,-0.003254139302750314
DEV,recuperacion_refinada_pct_next,dist_total_placebo,298,0.6500835487968045,0.07604335823242225,1.2241237393611868,0.02644584521935165,,0.10158984743169161,0.07996749964995443,0.017979191262780247
DEV,recuperacion_refinada_pct_next,dist_F_placebo,297,0.5415706222991592,-0.03289225708034582,1.1160335016786642,0.0646397442287324,,0.0635321105119763,0.27510642066428026,0.010853645425738079
DEV,recuperacion_refinada_pct_next,dist_R_placebo,298,0.33241472072436795,-0.19676635818988664,0.8615957996386225,0.21825292141540853,,0.05229621074383257,0.36833625715195223,0.0031861135767076165
DEV,recuperacion_refinada_pct_media2,dist_total_placebo,298,0.44587173551346626,0.037712460304754725,0.8540310107221778,0.03226938838452441,,0.09345299190644975,0.10739919311890707,0.030544553407107822
DEV,recuperacion_refinada_pct_media2,dist_F_placebo,297,0.46134200580447304,0.05454367505233498,0.8681403365566112,0.026232210166594303,,0.08478765525745392,0.144932013718514,0.03136055769678081
DEV,recuperacion_refinada_pct_media2,dist_R_placebo,298,0.180851506780673,-0.23047835619150084,0.5921813697528469,0.38882653589370975,,0.04359797385767622,0.45336838727864737,0.01661582012970042
DEV,f_dross,dist_total_placebo,298,-0.00046860733770447117,-0.0049601023373144456,0.004022887661905503,0.837972746881281,,0.0043271257160956604,0.9407046937126395,0.07450452470487479
DEV,f_dross,dist_F_placebo,297,-0.0013395533110061952,-0.005289125245067456,0.0026100186230550663,0.5062106827775101,,-0.008648062339337508,0.8820173932530198,0.07905695853788064
DEV,f_dross,dist_R_placebo,298,8.883632039795953e-05,-0.004426203656260384,0.004603876297056302,0.9692383602629444,,-0.029002058473899733,0.6180231953931421,0.07435277109278404
DEV,f_polvo,dist_total_placebo,298,-0.002425786142772241,-0.0060672265510524695,0.0012156542655079867,0.19167097282185808,,-0.09996828059273345,0.08492734436588888,0.053672621362802264
DEV,f_polvo,dist_F_placebo,297,-0.003012301182542267,-0.0068375435910064015,0.0008129412259218673,0.12272597628542788,,-0.12188683497408331,0.03576968439634122,0.05621512392143835
DEV,f_polvo,dist_R_placebo,298,-0.0005353369687378894,-0.004056366165056909,0.00298569222758113,0.7657086959166551,,-0.010698214666700222,0.8540849076738992,0.04869717827029019
LOCKBOX,recuperacion_refinada_pct,dist_total_placebo,63,-0.12208161244834836,-1.2960200940992657,1.051856869202569,0.83849188499927,,-0.07085253456221198,0.5810803893734435,0.04870084426991428
LOCKBOX,recuperacion_refinada_pct,dist_F_placebo,63,-0.05759600774122475,-1.2702381705775878,1.1550461550951383,0.925831248188249,,-0.04646697388632873,0.7176285398844467,0.048009416071921884
LOCKBOX,recuperacion_refinada_pct,dist_R_placebo,63,-0.13978235115018045,-1.2204282287082786,0.9408635264079176,0.7998642409310656,,-0.05587557603686637,0.6635931484427474,0.049006402334700994
LOCKBOX,rendimiento_proxy_batch,dist_total_placebo,63,-0.15376451783819112,-1.3426650775128044,1.0351360418364224,0.7998905533415238,,-0.0818452380952381,0.5236762127296423,0.042245162585929585
LOCKBOX,rendimiento_proxy_batch,dist_F_placebo,63,-0.16183704676630506,-1.3888777062427098,1.0652036127100997,0.7960180475422498,,-0.06768433179723503,0.5981416224313664,0.042316812001885196
LOCKBOX,rendimiento_proxy_batch,dist_R_placebo,63,-0.07139651137964276,-1.1538659772364799,1.0110729544771946,0.8971412580901195,,-0.04718701996927803,0.7134400152779992,0.0411002527272879
LOCKBOX,recuperacion_refinada_pct_next,dist_total_placebo,62,0.12199373863868257,-0.938518954791073,1.182506432068438,0.821621335360362,,0.047719775377099545,0.7126428229877725,-0.05256989352531649
LOCKBOX,recuperacion_refinada_pct_next,dist_F_placebo,62,0.06873796460067805,-1.1882906914978884,1.3257666206992444,0.9146489562757114,,-0.04036664903930901,0.7554161368750973,-0.053225398725147643
LOCKBOX,recuperacion_refinada_pct_next,dist_R_placebo,62,0.12653969654627126,-0.8533102153460488,1.1063896084385914,0.8001805013387359,,0.026768401702299112,0.8363831081844784,-0.052465832447653016
LOCKBOX,recuperacion_refinada_pct_media2,dist_total_placebo,62,0.024707235015352325,-0.7625893003223183,0.812003770353023,0.9509543849539976,,0.008989952406134321,0.9447128240773681,0.08730950431468842
LOCKBOX,recuperacion_refinada_pct_media2,dist_F_placebo,62,0.004211813213460536,-0.8831526138192185,0.8915762402461396,0.9925775210173591,,-0.042935206869633105,0.7403839793650795,0.08723626557576425
LOCKBOX,recuperacion_refinada_pct_media2,dist_R_placebo,62,0.03700065683375445,-0.7309692005287485,0.8049705141962573,0.9247670052865435,,-0.020926191735287453,0.8717489663237449,0.08740861450400106
LOCKBOX,f_dross,dist_total_placebo,63,0.0004529314241275861,-0.009757262160361779,0.01066312500861695,0.9307149188864047,,0.06091589861751153,0.6353119194572362,0.04022203403401492
LOCKBOX,f_dross,dist_F_placebo,63,-0.0017645622750137682,-0.012257390885432009,0.008728266335404473,0.7416991835076181,,0.010416666666666668,0.9354210875099962,0.04227202671293995
LOCKBOX,f_dross,dist_R_placebo,63,0.0028373388647952216,-0.007112877360976372,0.012787555090566815,0.5762364076557449,,0.11347926267281107,0.37586426428975117,0.046259769650498384
LOCKBOX,f_polvo,dist_total_placebo,63,0.001084713754254325,-0.007410457555563327,0.009579885064071977,0.802386440685837,,0.08731758832565284,0.4961975470510728,0.014233399382685308
LOCKBOX,f_polvo,dist_F_placebo,63,0.003382932742676856,-0.004463240122443132,0.011229105607796844,0.39808164526212875,,0.1352246543778802,0.2906566629065801,0.026137280581316147
LOCKBOX,f_polvo,dist_R_placebo,63,-0.002123373750998764,-0.01064636941175196,0.006399621909754431,0.625340909912153,,-0.06984447004608296,0.5864848379691727,0.018500799428874504
TOTAL,recuperacion_refinada_pct,dist_total_placebo,361,0.16430315501434395,-0.3496111422735822,0.6782174523022702,0.5309092616892175,,0.04522938634752043,0.39154628853557455,0.006644441219033181
TOTAL,recuperacion_refinada_pct,dist_F_placebo,360,0.28235255521872515,-0.20464836073537773,0.769353471172828,0.25581239058638106,,0.06223016124095607,0.23888840514277146,0.009664218474285668
TOTAL,recuperacion_refinada_pct,dist_R_placebo,361,0.004101611400031026,-0.4838159673894752,0.4920191901895372,0.9868545169381535,,0.011345352331104,0.8299068702020961,0.005424081248868395
TOTAL,rendimiento_proxy_batch,dist_total_placebo,361,0.2018499698005142,-0.31933077473720084,0.7230307143382292,0.44780379388390223,,0.050256602541538485,0.341012992809176,0.004589581259124453
TOTAL,rendimiento_proxy_batch,dist_F_placebo,360,0.3122162194664324,-0.18713679253847554,0.8115692314713403,0.22040541856740514,,0.06446217434805308,0.22242716981510516,0.007757568244422641
TOTAL,rendimiento_proxy_batch,dist_R_placebo,361,0.029084120855752797,-0.467316189658055,0.5254844313695606,0.9085763860133289,,0.021530636710998193,0.683486144555437,0.002855578472852449
TOTAL,recuperacion_refinada_pct_next,dist_total_placebo,360,0.5914561504518903,0.08618020509508595,1.0967320958086946,0.021775754713043674,,0.12534510297147353,0.017341964305440237,0.026794911787940134
TOTAL,recuperacion_refinada_pct_next,dist_F_placebo,359,0.4981518408311487,-0.026381302488217684,1.0226849841505152,0.06268941249581586,,0.0840413833169937,0.11192118665897632,0.02114545956998226
TOTAL,recuperacion_refinada_pct_next,dist_R_placebo,360,0.3064135837768742,-0.15234204046513383,0.7651692080188823,0.1904985590862095,,0.06131785996291124,0.24585721077227196,0.015539391632337751
TOTAL,recuperacion_refinada_pct_media2,dist_total_placebo,360,0.38454344321596956,0.01811164236098617,0.750975244070953,0.03970169413924128,,0.12082963603114222,0.021847122934861376,0.0405910926127262
TOTAL,recuperacion_refinada_pct_media2,dist_F_placebo,359,0.39016230602949376,0.008470156611911861,0.7718544554470756,0.04512818573622408,,0.11367885135100086,0.031288822054179155,0.040392569332700634
TOTAL,recuperacion_refinada_pct_media2,dist_R_placebo,360,0.1651679770876966,-0.19473146076684378,0.525067414942237,0.3683956533201015,,0.044372255958765115,0.4012505480819296,0.03107992169190832
TOTAL,f_dross,dist_total_placebo,361,-0.0006798971200004249,-0.004961713170473283,0.0036019189304724326,0.7556356739298609,,-0.024135178014824787,0.6476389959826282,0.0454258376081329
TOTAL,f_dross,dist_F_placebo,360,-0.0019059910442759264,-0.005932626164023425,0.002120644075471572,0.3535420243146683,,-0.03918934559680244,0.45853314528041383,0.05057006881594539
TOTAL,f_dross,dist_R_placebo,361,0.0004589047141344411,-0.003669500356243742,0.0045873097845126245,0.8275339693907349,,-0.013592537610382455,0.7968897388314528,0.045275383671073754
TOTAL,f_polvo,dist_total_placebo,361,-0.0013386025780046796,-0.004827951525610718,0.0021507463696013585,0.45211613296525666,,-0.06253373328640006,0.23594607003970067,0.04222855865398567
TOTAL,f_polvo,dist_F_placebo,360,-0.0012161711503884537,-0.0049336812415345915,0.002501338940757684,0.5213955135599624,,-0.08337358570153576,0.11430130992775633,0.04166883748907069
TOTAL,f_polvo,dist_R_placebo,361,-0.0007497459226919868,-0.003920083646776639,0.0024205918013926655,0.6430007095030837,,-0.018750860868367487,0.7225431463898676,0.041214898223269514
