fase,feature,periodo,n,mediana,p5,p95,p1_dev,p99_dev,pct_fuera_rango_p1_p99_dev
Fusión,basicidad_B2_prev,dev_tercio1,593,0.5321745209571325,0.4627829597343591,0.6186960635929292,0.420882774185508,0.671349631268779,
Fusión,basicidad_B2_prev,dev_tercio2,599,0.5271053623284787,0.4591520040234392,0.6101689339566837,0.420882774185508,0.671349631268779,
Fusión,basicidad_B2_prev,dev_tercio3,589,0.530768069636972,0.45338609668215313,0.6199476034646348,0.420882774185508,0.671349631268779,
Fusión,basicidad_B2_prev,lockbox,376,0.5127378965803003,0.4529461913044892,0.600590536460908,0.420882774185508,0.671349631268779,1.8617021276595744
Fusión,espesor_ladrillo_norm_mm,dev_tercio1,594,293.99999883582484,285.03208862608784,299.9997159131983,232.01307244785002,299.9997159131983,
Fusión,espesor_ladrillo_norm_mm,dev_tercio2,600,270.8754835471876,258.8236152628452,283.14316729751994,232.01307244785002,299.9997159131983,
Fusión,espesor_ladrillo_norm_mm,dev_tercio3,600,244.18169464692846,232.01307244785002,255.5885753320456,232.01307244785002,299.9997159131983,
Fusión,espesor_ladrillo_norm_mm,lockbox,378,221.62700755918218,218.10000287269162,227.6074769868469,232.01307244785002,299.9997159131983,100.0
Fusión,feo_inventario_escoria_est_kg_prev,dev_tercio1,592,3723.185775947049,3.1732106930404818e-21,9040.131838620646,1.2316788275799273e-21,11524.634537437067,
Fusión,feo_inventario_escoria_est_kg_prev,dev_tercio2,598,5026.031292760091,891.0467120353914,10448.72166740074,1.2316788275799273e-21,11524.634537437067,
Fusión,feo_inventario_escoria_est_kg_prev,dev_tercio3,589,5205.505260507067,875.968001279451,10896.297949502194,1.2316788275799273e-21,11524.634537437067,
Fusión,feo_inventario_escoria_est_kg_prev,lockbox,376,4592.753164449943,828.622461673081,9938.67178792607,1.2316788275799273e-21,11524.634537437067,0.0
Fusión,ley_sn_escoria_pct_prev,dev_tercio1,593,20.4726,13.6755,25.06218,8.973704999999999,26.354640000000003,
Fusión,ley_sn_escoria_pct_prev,dev_tercio2,599,19.1715,13.071019999999999,24.17743,8.973704999999999,26.354640000000003,
Fusión,ley_sn_escoria_pct_prev,dev_tercio3,594,19.98375,11.455855,24.361455,8.973704999999999,26.354640000000003,
Fusión,ley_sn_escoria_pct_prev,lockbox,376,22.5255,15.704324999999999,26.55895,8.973704999999999,26.354640000000003,6.382978723404255
Fusión,masa_escoria_est_kg_prev,dev_tercio1,592,22145.72643427904,1.9403959396472925e-20,53044.43884633046,7.815854826280341e-21,66197.77696466727,
Fusión,masa_escoria_est_kg_prev,dev_tercio2,598,27174.373656148764,5392.581750123667,56005.732434470236,7.815854826280341e-21,66197.77696466727,
Fusión,masa_escoria_est_kg_prev,dev_tercio3,589,30181.813112069227,5154.590517877551,58987.68242854337,7.815854826280341e-21,66197.77696466727,
Fusión,masa_escoria_est_kg_prev,lockbox,376,27411.893718672298,5245.6976533553425,55905.985866143776,7.815854826280341e-21,66197.77696466727,0.0
Fusión,sn_inventario_escoria_est_kg_prev,dev_tercio1,592,4731.683526964451,4.09804962112414e-21,10867.124021987796,1.5733278775903401e-21,14958.757842790634,
Fusión,sn_inventario_escoria_est_kg_prev,dev_tercio2,598,5541.311022908832,812.8079420985894,10604.20188906967,1.5733278775903401e-21,14958.757842790634,
Fusión,sn_inventario_escoria_est_kg_prev,dev_tercio3,588,6018.471065062429,631.6499251387166,12180.612667952777,1.5733278775903401e-21,14958.757842790634,
Fusión,sn_inventario_escoria_est_kg_prev,lockbox,376,6391.0240296888405,923.966419209921,12721.033894697974,1.5733278775903401e-21,14958.757842790634,0.5319148936170213
Fusión,temperatura_horno_celsius_prev,dev_tercio1,594,1163.0241165797474,1073.9681878706297,1245.9187976617347,938.1091442326376,1258.478604418421,
Fusión,temperatura_horno_celsius_prev,dev_tercio2,600,1078.5339599955141,1013.3826525525841,1153.0756192285116,938.1091442326376,1258.478604418421,
Fusión,temperatura_horno_celsius_prev,dev_tercio3,600,1001.1811565133765,943.1766941842312,1073.6701396406052,938.1091442326376,1258.478604418421,
Fusión,temperatura_horno_celsius_prev,lockbox,378,995.1126792255178,965.5397226404771,1042.6423499153855,938.1091442326376,1258.478604418421,0.0
Fusión,termocupla_media_celsius_prev,dev_tercio1,593,301.4942617735802,289.7699742799578,315.6482732501932,289.0437905099932,395.42986135493055,
Fusión,termocupla_media_celsius_prev,dev_tercio2,599,331.7954263256226,307.2647558861993,356.8571621499108,289.0437905099932,395.42986135493055,
Fusión,termocupla_media_celsius_prev,dev_tercio3,600,364.6949021827877,344.7905821835519,391.67422805517486,289.0437905099932,395.42986135493055,
Fusión,termocupla_media_celsius_prev,lockbox,378,395.85653810335094,378.16657573605653,410.3337167680241,289.0437905099932,395.42986135493055,51.32275132275132
Reducción,espesor_ladrillo_norm_mm,dev_tercio1,396,293.99999883582484,285.03208862608784,299.9997159131983,231.93570033697392,299.9997159131983,
Reducción,espesor_ladrillo_norm_mm,dev_tercio2,400,270.8754835471876,258.8236152628452,283.14316729751994,231.93570033697392,299.9997159131983,
Reducción,espesor_ladrillo_norm_mm,dev_tercio3,400,244.18169464692846,232.01307244785002,255.5885753320456,231.93570033697392,299.9997159131983,
Reducción,espesor_ladrillo_norm_mm,lockbox,252,221.62700755918218,218.10000287269162,226.81695425089393,231.93570033697392,299.9997159131983,100.0
Reducción,feo_inventario_escoria_est_kg_prev,dev_tercio1,393,9490.889434051827,1.0284288093748714e-20,11804.639003308435,6.225823728470005e-21,15535.54978309322,
Reducción,feo_inventario_escoria_est_kg_prev,dev_tercio2,398,10879.905635366224,9021.533141661499,13042.460340823127,6.225823728470005e-21,15535.54978309322,
Reducción,feo_inventario_escoria_est_kg_prev,dev_tercio3,392,11319.107639349066,9072.448515179085,14446.318525480066,6.225823728470005e-21,15535.54978309322,
Reducción,feo_inventario_escoria_est_kg_prev,lockbox,252,10138.842682365848,8291.654420937777,12785.455869606145,6.225823728470005e-21,15535.54978309322,0.0
Reducción,grad_temperatura_horno_celsius_prev,dev_tercio1,396,-0.11830791123694083,-0.7286265610067881,0.8256677755103078,-2.7108537226707043,1.2003441885722361,
Reducción,grad_temperatura_horno_celsius_prev,dev_tercio2,400,-0.4440461804346129,-2.6027128680181146,0.5633447139336001,-2.7108537226707043,1.2003441885722361,
Reducción,grad_temperatura_horno_celsius_prev,dev_tercio3,400,-0.2483306018700186,-1.10388998838633,0.34796034839839646,-2.7108537226707043,1.2003441885722361,
Reducción,grad_temperatura_horno_celsius_prev,lockbox,252,-0.16313081906885185,-0.8699917713905225,0.545960577007644,-2.7108537226707043,1.2003441885722361,0.3968253968253968
Reducción,ley_cao_escoria_pct_prev,dev_tercio1,394,22.82725,18.146949999999997,26.240509999999997,15.435648,27.155928,
Reducción,ley_cao_escoria_pct_prev,dev_tercio2,398,22.1,17.788845000000002,24.599164999999996,15.435648,27.155928,
Reducción,ley_cao_escoria_pct_prev,dev_tercio3,393,21.4859,16.8888,23.965259999999997,15.435648,27.155928,
Reducción,ley_cao_escoria_pct_prev,lockbox,252,21.043799999999997,16.240005,23.104915000000002,15.435648,27.155928,1.1904761904761905
Reducción,ley_feo_escoria_pct_prev,dev_tercio1,394,17.673984217029275,15.79387002739726,19.716897206553853,15.457338554284178,22.161800822347573,
Reducción,ley_feo_escoria_pct_prev,dev_tercio2,398,18.9984250443191,16.678530889067957,21.370885156056943,15.457338554284178,22.161800822347573,
Reducción,ley_feo_escoria_pct_prev,dev_tercio3,392,18.809568401826482,16.623063899006176,21.22987305398872,15.457338554284178,22.161800822347573,
Reducción,ley_feo_escoria_pct_prev,lockbox,252,18.60244360999194,16.378354319634703,20.931600488853075,15.457338554284178,22.161800822347573,1.984126984126984
Reducción,ley_sn_escoria_pct_prev,dev_tercio1,394,2.8278,1.03173,19.897219999999994,0.706001,21.818936999999966,
Reducción,ley_sn_escoria_pct_prev,dev_tercio2,398,2.4868,1.025255,18.038564999999995,0.706001,21.818936999999966,
Reducción,ley_sn_escoria_pct_prev,dev_tercio3,398,2.52105,1.118125,17.229705,0.706001,21.818936999999966,
Reducción,ley_sn_escoria_pct_prev,lockbox,252,2.8321,1.419605,21.271769999999997,0.706001,21.818936999999966,3.571428571428571
Reducción,masa_escoria_est_kg_prev,dev_tercio1,393,53456.68881644799,5.447056465668547e-20,69549.17772092401,3.563337867802647e-20,83413.12220047145,
Reducción,masa_escoria_est_kg_prev,dev_tercio2,398,56121.38157669478,50538.533541256955,70060.06457595895,3.563337867802647e-20,83413.12220047145,
Reducción,masa_escoria_est_kg_prev,dev_tercio3,393,59284.530105956874,52289.06163783082,75497.78422040143,3.563337867802647e-20,83413.12220047145,
Reducción,masa_escoria_est_kg_prev,lockbox,252,53704.00337603985,47914.67569303646,70019.12824006513,3.563337867802647e-20,83413.12220047145,0.0
Reducción,orden_escalon_fase,dev_tercio1,396,1.5,0.0,3.0,0.0,3.0,
Reducción,orden_escalon_fase,dev_tercio2,400,1.5,0.0,3.0,0.0,3.0,
Reducción,orden_escalon_fase,dev_tercio3,400,1.5,0.0,3.0,0.0,3.0,
Reducción,orden_escalon_fase,lockbox,252,1.5,0.0,3.0,0.0,3.0,0.0
Reducción,sn_inventario_escoria_est_kg_prev,dev_tercio1,393,1337.0488071889715,8.104319935042475e-21,12906.199041362679,1.3532265256291726e-21,15637.985943441656,
Reducción,sn_inventario_escoria_est_kg_prev,dev_tercio2,398,1381.4159422162238,538.5722897234127,12196.698707888083,1.3532265256291726e-21,15637.985943441656,
Reducción,sn_inventario_escoria_est_kg_prev,dev_tercio3,393,1501.84060143463,629.6074132550208,12136.20767581402,1.3532265256291726e-21,15637.985943441656,
Reducción,sn_inventario_escoria_est_kg_prev,lockbox,252,1467.855436176124,691.9129686989673,14561.27375074632,1.3532265256291726e-21,15637.985943441656,2.380952380952381
Reducción,temperatura_horno_celsius_prev,dev_tercio1,396,1121.4827345591625,1061.6987531664945,1206.8237143190522,923.3678844861591,1217.4002710436127,
Reducción,temperatura_horno_celsius_prev,dev_tercio2,400,1082.9059791541656,997.4951965796301,1154.3569657357496,923.3678844861591,1217.4002710436127,
Reducción,temperatura_horno_celsius_prev,dev_tercio3,400,993.1194760452279,930.3562126203416,1056.10440097891,923.3678844861591,1217.4002710436127,
Reducción,temperatura_horno_celsius_prev,lockbox,252,975.3794697953181,940.3825092658105,1021.0090892099917,923.3678844861591,1217.4002710436127,0.0
Reducción,termocupla_media_celsius_prev,dev_tercio1,395,291.23728179369954,280.5544249136912,305.20506921325347,279.697982171939,378.4431819513806,
Reducción,termocupla_media_celsius_prev,dev_tercio2,400,319.0968004423838,294.81112060285085,340.7216914303238,279.697982171939,378.4431819513806,
Reducción,termocupla_media_celsius_prev,dev_tercio3,400,351.6160686552759,329.8935378963929,376.4855140792009,279.697982171939,378.4431819513806,
Reducción,termocupla_media_celsius_prev,lockbox,252,378.771790584596,362.18603124015743,393.11740111972836,279.697982171939,378.4431819513806,50.39682539682539
Reducción,tiro_horno_pct_prev,dev_tercio1,394,83.0,69.84182472229004,95.0,55.41734622501192,98.0,
Reducción,tiro_horno_pct_prev,dev_tercio2,400,88.39277971707858,76.97221581595285,97.0,55.41734622501192,98.0,
Reducción,tiro_horno_pct_prev,dev_tercio3,400,89.35158612876585,74.99411486671085,97.50043674742919,55.41734622501192,98.0,
Reducción,tiro_horno_pct_prev,lockbox,252,91.88753446236184,80.36899481273832,98.0,55.41734622501192,98.0,4.365079365079365
