kpi,variable,grid_value,pd_value
f_dross,C_por_Sn_F,0.2511451331738443,0.012044326293571782
f_dross,C_por_Sn_F,0.25400137932988753,0.012044326293571782
f_dross,C_por_Sn_F,0.2568576254859307,0.012044326293571782
f_dross,C_por_Sn_F,0.25971387164197396,0.003357045759326984
f_dross,C_por_Sn_F,0.2625701177980172,0.003357045759326984
f_dross,C_por_Sn_F,0.26542636395406044,0.0003008445502399609
f_dross,C_por_Sn_F,0.2682826101101036,0.0003008445502399609
f_dross,C_por_Sn_F,0.27113885626614687,-0.0012122223801817704
f_dross,C_por_Sn_F,0.2739951024221901,-0.003899887917478465
f_dross,C_por_Sn_F,0.27685134857823335,-0.004174642213725059
f_dross,C_por_Sn_F,0.27970759473427653,-0.004174642213725059
f_dross,C_por_Sn_F,0.2825638408903198,-0.006511185412412148
f_dross,C_por_Sn_F,0.285420087046363,-0.006511185412412148
f_dross,C_por_Sn_F,0.2882763332024062,-0.006511185412412148
f_dross,C_por_Sn_F,0.29113257935844944,-0.006511185412412148
f_dross,C_por_Sn_F,0.2939888255144927,-0.004297782235708391
f_dross,C_por_Sn_F,0.2968450716705359,-0.003228083525571524
f_dross,C_por_Sn_F,0.29970131782657916,-0.003228083525571524
f_dross,C_por_Sn_F,0.30255756398262235,-0.003228083525571524
f_dross,C_por_Sn_F,0.3054138101386656,-0.003228083525571524
f_dross,exceso_o2_F,17.85809670325085,-0.001885626545683089
f_dross,exceso_o2_F,18.042417030822055,-0.001885626545683089
f_dross,exceso_o2_F,18.22673735839326,-0.001885626545683089
f_dross,exceso_o2_F,18.411057685964465,-0.001885626545683089
f_dross,exceso_o2_F,18.59537801353567,-0.001885626545683089
f_dross,exceso_o2_F,18.779698341106876,-0.001885626545683089
f_dross,exceso_o2_F,18.96401866867808,-0.0020917436666333757
f_dross,exceso_o2_F,19.148338996249283,-0.0020917436666333757
f_dross,exceso_o2_F,19.332659323820486,-0.0020917436666333757
f_dross,exceso_o2_F,19.516979651391694,-0.0009184645981805365
f_dross,exceso_o2_F,19.701299978962897,0.003456762264556609
f_dross,exceso_o2_F,19.8856203065341,0.003456762264556609
f_dross,exceso_o2_F,20.069940634105308,0.003456762264556609
f_dross,exceso_o2_F,20.25426096167651,0.005839199778198402
f_dross,exceso_o2_F,20.438581289247715,0.011964222959833409
f_dross,exceso_o2_F,20.622901616818922,0.011964222959833409
f_dross,exceso_o2_F,20.807221944390125,0.011964222959833409
f_dross,exceso_o2_F,20.99154227196133,0.011964222959833409
f_dross,exceso_o2_F,21.175862599532536,0.011964222959833409
f_dross,exceso_o2_F,21.36018292710374,0.011964222959833409
f_dross,perfil_carbon_R,0.4860355580171924,-0.003505725406045846
f_dross,perfil_carbon_R,0.4972184779518006,-0.003505725406045846
f_dross,perfil_carbon_R,0.5084013978864088,-0.003505725406045846
f_dross,perfil_carbon_R,0.519584317821017,-0.003505725406045846
f_dross,perfil_carbon_R,0.5307672377556252,-0.0005976025828275032
f_dross,perfil_carbon_R,0.5419501576902335,-0.0005976025828275032
f_dross,perfil_carbon_R,0.5531330776248417,-0.0005976025828275032
f_dross,perfil_carbon_R,0.5643159975594498,-0.0005976025828275032
f_dross,perfil_carbon_R,0.575498917494058,-0.0020941076289719153
f_dross,perfil_carbon_R,0.5866818374286663,-0.00222674291121865
f_dross,perfil_carbon_R,0.5978647573632745,0.0002956516873842033
f_dross,perfil_carbon_R,0.6090476772978827,0.0002956516873842033
f_dross,perfil_carbon_R,0.6202305972324909,0.001300338353986309
f_dross,perfil_carbon_R,0.6314135171670991,0.001300338353986309
f_dross,perfil_carbon_R,0.6425964371017073,0.004093841414487161
f_dross,perfil_carbon_R,0.6537793570363155,0.004093841414487161
f_dross,perfil_carbon_R,0.6649622769709237,1.2334636663180105e-05
f_dross,perfil_carbon_R,0.6761451969055319,-0.0014130965340351535
f_dross,perfil_carbon_R,0.6873281168401402,-0.0014130965340351535
f_dross,perfil_carbon_R,0.6985110367747484,-0.0014130965340351535
f_dross,lanza_media_F,1641.3771465061434,0.0041696949368691325
f_dross,lanza_media_F,1680.9240358811228,0.0041696949368691325
f_dross,lanza_media_F,1720.470925256102,0.0041696949368691325
f_dross,lanza_media_F,1760.0178146310814,0.0041696949368691325
f_dross,lanza_media_F,1799.5647040060605,0.0041696949368691325
f_dross,lanza_media_F,1839.11159338104,0.003202320087009443
f_dross,lanza_media_F,1878.658482756019,0.003202320087009443
f_dross,lanza_media_F,1918.2053721309985,0.003202320087009443
f_dross,lanza_media_F,1957.7522615059777,0.003202320087009443
f_dross,lanza_media_F,1997.299150880957,0.003354789658899006
f_dross,lanza_media_F,2036.8460402559363,0.003354789658899006
f_dross,lanza_media_F,2076.3929296309157,0.004124446424029033
f_dross,lanza_media_F,2115.939819005895,0.0060526397642667405
f_dross,lanza_media_F,2155.486708380874,-0.00889400708060354
f_dross,lanza_media_F,2195.0335977558534,-0.00889400708060354
f_dross,lanza_media_F,2234.580487130833,-0.007099635792009782
f_dross,lanza_media_F,2274.127376505812,-0.007099635792009782
f_dross,lanza_media_F,2313.6742658807916,-0.007099635792009782
f_dross,lanza_media_F,2353.2211552557706,-0.020855780369934157
f_dross,lanza_media_F,2392.76804463075,-0.020855780369934157
f_dross,gn_total_R,1769.7809308954504,-0.0061413704667047245
f_dross,gn_total_R,1799.1309880497336,-0.0061413704667047245
f_dross,gn_total_R,1828.4810452040167,-0.005602475532576653
f_dross,gn_total_R,1857.8311023582999,-0.005602475532576653
f_dross,gn_total_R,1887.181159512583,-0.005602475532576653
f_dross,gn_total_R,1916.5312166668662,-0.005602475532576653
f_dross,gn_total_R,1945.8812738211493,-0.005602475532576653
f_dross,gn_total_R,1975.2313309754325,-0.00013830687603001143
f_dross,gn_total_R,2004.5813881297156,-0.00013830687603001143
f_dross,gn_total_R,2033.9314452839985,0.0007277724812204501
f_dross,gn_total_R,2063.2815024382817,0.0007277724812204501
f_dross,gn_total_R,2092.631559592565,0.003277005613352148
f_dross,gn_total_R,2121.981616746848,0.003909930948547461
f_dross,gn_total_R,2151.331673901131,0.003909930948547461
f_dross,gn_total_R,2180.6817310554143,0.003909930948547461
f_dross,gn_total_R,2210.0317882096974,0.003909930948547461
f_dross,gn_total_R,2239.3818453639806,0.003909930948547461
f_dross,gn_total_R,2268.7319025182637,0.003909930948547461
f_dross,gn_total_R,2298.081959672547,0.003909930948547461
f_dross,gn_total_R,2327.43201682683,0.003909930948547461
f_polvo,perfil_carbon_R,0.4860355580171924,-0.001090531833842905
f_polvo,perfil_carbon_R,0.4972184779518006,-0.001090531833842905
f_polvo,perfil_carbon_R,0.5084013978864088,-0.001090531833842905
f_polvo,perfil_carbon_R,0.519584317821017,-0.001090531833842905
f_polvo,perfil_carbon_R,0.5307672377556252,-0.001090531833842905
f_polvo,perfil_carbon_R,0.5419501576902335,-0.001090531833842905
f_polvo,perfil_carbon_R,0.5531330776248417,-0.001090531833842905
f_polvo,perfil_carbon_R,0.5643159975594498,-0.001090531833842905
f_polvo,perfil_carbon_R,0.575498917494058,-0.001090531833842905
f_polvo,perfil_carbon_R,0.5866818374286663,-0.001090531833842905
f_polvo,perfil_carbon_R,0.5978647573632745,-0.001090531833842905
f_polvo,perfil_carbon_R,0.6090476772978827,-0.001090531833842905
f_polvo,perfil_carbon_R,0.6202305972324909,-0.001090531833842905
f_polvo,perfil_carbon_R,0.6314135171670991,-0.001354605314866496
f_polvo,perfil_carbon_R,0.6425964371017073,-0.001354605314866496
f_polvo,perfil_carbon_R,0.6537793570363155,-0.001354605314866496
f_polvo,perfil_carbon_R,0.6649622769709237,-0.001354605314866496
f_polvo,perfil_carbon_R,0.6761451969055319,0.008528125125319034
f_polvo,perfil_carbon_R,0.6873281168401402,0.002663767838262527
f_polvo,perfil_carbon_R,0.6985110367747484,-0.003852744460559051
f_polvo,C_por_Sn_F,0.2511451331738443,-0.002601457184131537
f_polvo,C_por_Sn_F,0.25400137932988753,-0.002601457184131537
f_polvo,C_por_Sn_F,0.2568576254859307,-0.002601457184131537
f_polvo,C_por_Sn_F,0.25971387164197396,-0.002601457184131537
f_polvo,C_por_Sn_F,0.2625701177980172,-0.004264550910734975
f_polvo,C_por_Sn_F,0.26542636395406044,-0.004264550910734975
f_polvo,C_por_Sn_F,0.2682826101101036,-0.004264550910734975
f_polvo,C_por_Sn_F,0.27113885626614687,-7.396517376264235e-05
f_polvo,C_por_Sn_F,0.2739951024221901,0.0006524557906242437
f_polvo,C_por_Sn_F,0.27685134857823335,0.0028548664738354016
f_polvo,C_por_Sn_F,0.27970759473427653,0.0028548664738354016
f_polvo,C_por_Sn_F,0.2825638408903198,0.0028548664738354016
f_polvo,C_por_Sn_F,0.285420087046363,0.0028548664738354016
f_polvo,C_por_Sn_F,0.2882763332024062,0.0028548664738354016
f_polvo,C_por_Sn_F,0.29113257935844944,0.0028548664738354016
f_polvo,C_por_Sn_F,0.2939888255144927,0.0028548664738354016
f_polvo,C_por_Sn_F,0.2968450716705359,0.007949219261696863
f_polvo,C_por_Sn_F,0.29970131782657916,0.007949219261696863
f_polvo,C_por_Sn_F,0.30255756398262235,0.007949219261696863
f_polvo,C_por_Sn_F,0.3054138101386656,0.007949219261696863
f_polvo,lanza_std_F,1052.9394943587868,-0.0031248473808312385
f_polvo,lanza_std_F,1084.9459046190286,-0.0031248473808312385
f_polvo,lanza_std_F,1116.9523148792703,-0.0031248473808312385
f_polvo,lanza_std_F,1148.9587251395121,-0.0031248473808312385
f_polvo,lanza_std_F,1180.965135399754,-0.0031248473808312385
f_polvo,lanza_std_F,1212.9715456599956,-0.003766690690414158
f_polvo,lanza_std_F,1244.9779559202375,-0.003766690690414158
f_polvo,lanza_std_F,1276.9843661804794,-0.003766690690414158
f_polvo,lanza_std_F,1308.9907764407212,-0.0020445269461740003
f_polvo,lanza_std_F,1340.9971867009629,-0.0020445269461740003
f_polvo,lanza_std_F,1373.0035969612047,-0.0020445269461740003
f_polvo,lanza_std_F,1405.0100072214464,-0.0010333693093680385
f_polvo,lanza_std_F,1437.0164174816882,0.00047504059900518826
f_polvo,lanza_std_F,1469.02282774193,0.00047504059900518826
f_polvo,lanza_std_F,1501.029238002172,0.00047504059900518826
f_polvo,lanza_std_F,1533.0356482624136,-0.0003766033180073642
f_polvo,lanza_std_F,1565.0420585226555,0.007305118337751765
f_polvo,lanza_std_F,1597.048468782897,0.007305118337751765
f_polvo,lanza_std_F,1629.054879043139,0.007305118337751765
f_polvo,lanza_std_F,1661.0612893033808,0.007305118337751765
f_polvo,carbon_por_Sn_inv_R,0.1916977781069824,0.0015378640739939537
f_polvo,carbon_por_Sn_inv_R,0.2211316326467029,0.0015378640739939537
f_polvo,carbon_por_Sn_inv_R,0.2505654871864234,6.574778451607799e-05
f_polvo,carbon_por_Sn_inv_R,0.27999934172614394,-0.0006284917383626335
f_polvo,carbon_por_Sn_inv_R,0.3094331962658644,-0.0014462683011229951
f_polvo,carbon_por_Sn_inv_R,0.3388670508055849,-0.0014462683011229951
f_polvo,carbon_por_Sn_inv_R,0.3683009053453054,-0.0014462683011229951
f_polvo,carbon_por_Sn_inv_R,0.39773475988502593,-0.0014462683011229951
f_polvo,carbon_por_Sn_inv_R,0.4271686144247464,-0.0014462683011229951
f_polvo,carbon_por_Sn_inv_R,0.4566024689644669,-0.0014462683011229951
f_polvo,carbon_por_Sn_inv_R,0.4860363235041874,0.0027900831846914215
f_polvo,carbon_por_Sn_inv_R,0.5154701780439079,0.0027900831846914215
f_polvo,carbon_por_Sn_inv_R,0.5449040325836284,0.0027900831846914215
f_polvo,carbon_por_Sn_inv_R,0.5743378871233489,0.0027900831846914215
f_polvo,carbon_por_Sn_inv_R,0.6037717416630695,0.0027900831846914215
f_polvo,carbon_por_Sn_inv_R,0.6332055962027899,0.0027900831846914215
f_polvo,carbon_por_Sn_inv_R,0.6626394507425104,0.0027900831846914215
f_polvo,carbon_por_Sn_inv_R,0.6920733052822309,0.0027900831846914215
f_polvo,carbon_por_Sn_inv_R,0.7215071598219513,0.0027900831846914215
f_polvo,carbon_por_Sn_inv_R,0.7509410143616719,0.0027900831846914215
f_polvo,cal_por_carga_F,0.0761393539899436,0.0002018670501617587
f_polvo,cal_por_carga_F,0.0779615827307124,0.0002018670501617587
f_polvo,cal_por_carga_F,0.07978381147148117,0.0002018670501617587
f_polvo,cal_por_carga_F,0.08160604021224996,0.0002018670501617587
f_polvo,cal_por_carga_F,0.08342826895301873,0.0002018670501617587
f_polvo,cal_por_carga_F,0.08525049769378752,0.0002018670501617587
f_polvo,cal_por_carga_F,0.0870727264345563,0.0002018670501617587
f_polvo,cal_por_carga_F,0.08889495517532509,0.0002018670501617587
f_polvo,cal_por_carga_F,0.09071718391609387,0.0002018670501617587
f_polvo,cal_por_carga_F,0.09253941265686265,0.0002018670501617587
f_polvo,cal_por_carga_F,0.09436164139763144,0.0002018670501617587
f_polvo,cal_por_carga_F,0.09618387013840021,0.0002018670501617587
f_polvo,cal_por_carga_F,0.098006098879169,0.0015605658946287592
f_polvo,cal_por_carga_F,0.09982832761993779,0.00036942096967005554
f_polvo,cal_por_carga_F,0.10165055636070656,-4.787967581520291e-05
f_polvo,cal_por_carga_F,0.10347278510147535,-0.006350954932336091
f_polvo,cal_por_carga_F,0.10529501384224413,-0.004972472997770458
f_polvo,cal_por_carga_F,0.10711724258301292,0.0027357843966456952
f_polvo,cal_por_carga_F,0.1089394713237817,0.0027357843966456952
f_polvo,cal_por_carga_F,0.11076170006455048,0.0027357843966456952
f_metal,exceso_o2_F,17.85809670325085,0.004205917846803164
f_metal,exceso_o2_F,18.042417030822055,0.004205917846803164
f_metal,exceso_o2_F,18.22673735839326,0.0022076094836271953
f_metal,exceso_o2_F,18.411057685964465,0.0022076094836271953
f_metal,exceso_o2_F,18.59537801353567,0.0022076094836271953
f_metal,exceso_o2_F,18.779698341106876,0.0022076094836271953
f_metal,exceso_o2_F,18.96401866867808,0.0022076094836271953
f_metal,exceso_o2_F,19.148338996249283,0.0006181730841912075
f_metal,exceso_o2_F,19.332659323820486,-0.0020962305320273195
f_metal,exceso_o2_F,19.516979651391694,-0.00299166488860191
f_metal,exceso_o2_F,19.701299978962897,-0.00299166488860191
f_metal,exceso_o2_F,19.8856203065341,-0.008527991918148759
f_metal,exceso_o2_F,20.069940634105308,-0.008527991918148759
f_metal,exceso_o2_F,20.25426096167651,-0.008527991918148759
f_metal,exceso_o2_F,20.438581289247715,-0.008527991918148759
f_metal,exceso_o2_F,20.622901616818922,-0.008527991918148759
f_metal,exceso_o2_F,20.807221944390125,-0.008527991918148759
f_metal,exceso_o2_F,20.99154227196133,-0.008527991918148759
f_metal,exceso_o2_F,21.175862599532536,-0.008527991918148759
f_metal,exceso_o2_F,21.36018292710374,-0.008527991918148759
f_metal,lanza_media_F,1641.3771465061434,-0.008215141971900921
f_metal,lanza_media_F,1680.9240358811228,-0.008215141971900921
f_metal,lanza_media_F,1720.470925256102,-0.008215141971900921
f_metal,lanza_media_F,1760.0178146310814,-0.008215141971900921
f_metal,lanza_media_F,1799.5647040060605,-0.008215141971900921
f_metal,lanza_media_F,1839.11159338104,-0.0017237433923448459
f_metal,lanza_media_F,1878.658482756019,-0.0017237433923448459
f_metal,lanza_media_F,1918.2053721309985,-0.0017237433923448459
f_metal,lanza_media_F,1957.7522615059777,-0.0017237433923448459
f_metal,lanza_media_F,1997.299150880957,-0.0022049942933686614
f_metal,lanza_media_F,2036.8460402559363,-0.0022049942933686614
f_metal,lanza_media_F,2076.3929296309157,-0.0022049942933686614
f_metal,lanza_media_F,2115.939819005895,-0.0022049942933686614
f_metal,lanza_media_F,2155.486708380874,0.0002179396052707502
f_metal,lanza_media_F,2195.0335977558534,0.0070046691051027475
f_metal,lanza_media_F,2234.580487130833,0.005104838295042026
f_metal,lanza_media_F,2274.127376505812,0.005104838295042026
f_metal,lanza_media_F,2313.6742658807916,0.005104838295042026
f_metal,lanza_media_F,2353.2211552557706,0.01744521070572949
f_metal,lanza_media_F,2392.76804463075,0.01744521070572949
f_metal,perfil_carbon_R,0.4860355580171924,0.005990271366895672
f_metal,perfil_carbon_R,0.4972184779518006,0.005990271366895672
f_metal,perfil_carbon_R,0.5084013978864088,0.005990271366895672
f_metal,perfil_carbon_R,0.519584317821017,0.0012199228433127992
f_metal,perfil_carbon_R,0.5307672377556252,0.0012199228433127992
f_metal,perfil_carbon_R,0.5419501576902335,0.0012199228433127992
f_metal,perfil_carbon_R,0.5531330776248417,0.0012199228433127992
f_metal,perfil_carbon_R,0.5643159975594498,0.0012199228433127992
f_metal,perfil_carbon_R,0.575498917494058,0.0012199228433127992
f_metal,perfil_carbon_R,0.5866818374286663,0.0012199228433127992
f_metal,perfil_carbon_R,0.5978647573632745,0.0002909835523148356
f_metal,perfil_carbon_R,0.6090476772978827,-2.412993958502434e-05
f_metal,perfil_carbon_R,0.6202305972324909,-0.0015219949100929006
f_metal,perfil_carbon_R,0.6314135171670991,-0.0015219949100929006
f_metal,perfil_carbon_R,0.6425964371017073,-0.0015219949100929006
f_metal,perfil_carbon_R,0.6537793570363155,-0.0008230407923796022
f_metal,perfil_carbon_R,0.6649622769709237,-0.0008230407923796022
f_metal,perfil_carbon_R,0.6761451969055319,-0.0008230407923796022
f_metal,perfil_carbon_R,0.6873281168401402,-0.0008230407923796022
f_metal,perfil_carbon_R,0.6985110367747484,-0.0002169925035284036
f_metal,carbon_total_R,2709.7397254359253,-0.0012037775949469613
f_metal,carbon_total_R,2740.1762805734666,0.00012015300140996793
f_metal,carbon_total_R,2770.6128357110074,0.00012015300140996793
f_metal,carbon_total_R,2801.0493908485487,-0.007412550092993549
f_metal,carbon_total_R,2831.4859459860895,-0.0026219844721857405
f_metal,carbon_total_R,2861.922501123631,-0.0010996918038536916
f_metal,carbon_total_R,2892.3590562611716,-0.0010996918038536916
f_metal,carbon_total_R,2922.795611398713,-0.0010996918038536916
f_metal,carbon_total_R,2953.232166536254,-0.0010996918038536916
f_metal,carbon_total_R,2983.668721673795,-0.0010996918038536916
f_metal,carbon_total_R,3014.1052768113364,-8.667937454939451e-05
f_metal,carbon_total_R,3044.541831948877,-8.667937454939451e-05
f_metal,carbon_total_R,3074.9783870864185,-8.667937454939451e-05
f_metal,carbon_total_R,3105.4149422239598,-8.667937454939451e-05
f_metal,carbon_total_R,3135.8514973615006,-8.667937454939451e-05
f_metal,carbon_total_R,3166.288052499042,-8.667937454939451e-05
f_metal,carbon_total_R,3196.7246076365827,-8.667937454939451e-05
f_metal,carbon_total_R,3227.161162774124,0.0028292369148966933
f_metal,carbon_total_R,3257.5977179116653,0.022016697080914818
f_metal,carbon_total_R,3288.034273049206,0.022016697080914818
f_metal,C_por_Sn_F,0.2511451331738443,-0.00491875203903292
f_metal,C_por_Sn_F,0.25400137932988753,-0.00491875203903292
f_metal,C_por_Sn_F,0.2568576254859307,-0.0011868990650188724
f_metal,C_por_Sn_F,0.25971387164197396,-0.0011868990650188724
f_metal,C_por_Sn_F,0.2625701177980172,0.003043444945608613
f_metal,C_por_Sn_F,0.26542636395406044,0.0033304960207644735
f_metal,C_por_Sn_F,0.2682826101101036,0.0033304960207644735
f_metal,C_por_Sn_F,0.27113885626614687,0.0033304960207644735
f_metal,C_por_Sn_F,0.2739951024221901,0.0033304960207644735
f_metal,C_por_Sn_F,0.27685134857823335,0.0033304960207644735
f_metal,C_por_Sn_F,0.27970759473427653,0.0033304960207644735
f_metal,C_por_Sn_F,0.2825638408903198,0.004835348366713558
f_metal,C_por_Sn_F,0.285420087046363,0.002803068071834967
f_metal,C_por_Sn_F,0.2882763332024062,0.002803068071834967
f_metal,C_por_Sn_F,0.29113257935844944,0.002803068071834967
f_metal,C_por_Sn_F,0.2939888255144927,-0.006893358094388533
f_metal,C_por_Sn_F,0.2968450716705359,-0.008832231172634701
f_metal,C_por_Sn_F,0.29970131782657916,-0.008832231172634701
f_metal,C_por_Sn_F,0.30255756398262235,-0.008832231172634701
f_metal,C_por_Sn_F,0.3054138101386656,-0.008832231172634701
rendimiento_proxy_batch,exceso_o2_F,17.85809670325085,0.42059178553613813
rendimiento_proxy_batch,exceso_o2_F,18.042417030822055,0.42059178553613813
rendimiento_proxy_batch,exceso_o2_F,18.22673735839326,0.22076094775696606
rendimiento_proxy_batch,exceso_o2_F,18.411057685964465,0.22076094775696606
rendimiento_proxy_batch,exceso_o2_F,18.59537801353567,0.22076094775696606
rendimiento_proxy_batch,exceso_o2_F,18.779698341106876,0.22076094775696606
rendimiento_proxy_batch,exceso_o2_F,18.96401866867808,0.22076094775696606
rendimiento_proxy_batch,exceso_o2_F,19.148338996249283,0.06181730615846682
rendimiento_proxy_batch,exceso_o2_F,19.332659323820486,-0.20962305165081677
rendimiento_proxy_batch,exceso_o2_F,19.516979651391694,-0.29916648585487277
rendimiento_proxy_batch,exceso_o2_F,19.701299978962897,-0.29916648585487277
rendimiento_proxy_batch,exceso_o2_F,19.8856203065341,-0.8527991934552672
rendimiento_proxy_batch,exceso_o2_F,20.069940634105308,-0.8527991934552672
rendimiento_proxy_batch,exceso_o2_F,20.25426096167651,-0.8527991934552672
rendimiento_proxy_batch,exceso_o2_F,20.438581289247715,-0.8527991934552672
rendimiento_proxy_batch,exceso_o2_F,20.622901616818922,-0.8527991934552672
rendimiento_proxy_batch,exceso_o2_F,20.807221944390125,-0.8527991934552672
rendimiento_proxy_batch,exceso_o2_F,20.99154227196133,-0.8527991934552672
rendimiento_proxy_batch,exceso_o2_F,21.175862599532536,-0.8527991934552672
rendimiento_proxy_batch,exceso_o2_F,21.36018292710374,-0.8527991934552672
rendimiento_proxy_batch,lanza_media_F,1641.3771465061434,-0.8215142011613493
rendimiento_proxy_batch,lanza_media_F,1680.9240358811228,-0.8215142011613493
rendimiento_proxy_batch,lanza_media_F,1720.470925256102,-0.8215142011613493
rendimiento_proxy_batch,lanza_media_F,1760.0178146310814,-0.8215142011613493
rendimiento_proxy_batch,lanza_media_F,1799.5647040060605,-0.8215142011613493
rendimiento_proxy_batch,lanza_media_F,1839.11159338104,-0.17237433869129762
rendimiento_proxy_batch,lanza_media_F,1878.658482756019,-0.17237433869129762
rendimiento_proxy_batch,lanza_media_F,1918.2053721309985,-0.17237433869129762
rendimiento_proxy_batch,lanza_media_F,1957.7522615059777,-0.17237433869129762
rendimiento_proxy_batch,lanza_media_F,1997.299150880957,-0.2204994292439126
rendimiento_proxy_batch,lanza_media_F,2036.8460402559363,-0.2204994292439126
rendimiento_proxy_batch,lanza_media_F,2076.3929296309157,-0.2204994292439126
rendimiento_proxy_batch,lanza_media_F,2115.939819005895,-0.2204994292439126
rendimiento_proxy_batch,lanza_media_F,2155.486708380874,0.02179396012226074
rendimiento_proxy_batch,lanza_media_F,2195.0335977558534,0.7004669091900638
rendimiento_proxy_batch,lanza_media_F,2234.580487130833,0.5104838296498104
rendimiento_proxy_batch,lanza_media_F,2274.127376505812,0.5104838296498104
rendimiento_proxy_batch,lanza_media_F,2313.6742658807916,0.5104838296498104
rendimiento_proxy_batch,lanza_media_F,2353.2211552557706,1.7445210701400562
rendimiento_proxy_batch,lanza_media_F,2392.76804463075,1.7445210701400562
rendimiento_proxy_batch,perfil_carbon_R,0.4860355580171924,0.5990271361900781
rendimiento_proxy_batch,perfil_carbon_R,0.4972184779518006,0.5990271361900781
rendimiento_proxy_batch,perfil_carbon_R,0.5084013978864088,0.5990271361900781
rendimiento_proxy_batch,perfil_carbon_R,0.519584317821017,0.12199228128224807
rendimiento_proxy_batch,perfil_carbon_R,0.5307672377556252,0.12199228128224807
rendimiento_proxy_batch,perfil_carbon_R,0.5419501576902335,0.12199228128224807
rendimiento_proxy_batch,perfil_carbon_R,0.5531330776248417,0.12199228128224807
rendimiento_proxy_batch,perfil_carbon_R,0.5643159975594498,0.12199228128224807
rendimiento_proxy_batch,perfil_carbon_R,0.575498917494058,0.12199228128224807
rendimiento_proxy_batch,perfil_carbon_R,0.5866818374286663,0.12199228128224807
rendimiento_proxy_batch,perfil_carbon_R,0.5978647573632745,0.029098352860953754
rendimiento_proxy_batch,perfil_carbon_R,0.6090476772978827,-0.0024129974246957665
rendimiento_proxy_batch,perfil_carbon_R,0.6202305972324909,-0.15219949131628183
rendimiento_proxy_batch,perfil_carbon_R,0.6314135171670991,-0.15219949131628183
rendimiento_proxy_batch,perfil_carbon_R,0.6425964371017073,-0.15219949131628183
rendimiento_proxy_batch,perfil_carbon_R,0.6537793570363155,-0.08230407892148724
rendimiento_proxy_batch,perfil_carbon_R,0.6649622769709237,-0.08230407892148724
rendimiento_proxy_batch,perfil_carbon_R,0.6761451969055319,-0.08230407892148724
rendimiento_proxy_batch,perfil_carbon_R,0.6873281168401402,-0.08230407892148724
rendimiento_proxy_batch,perfil_carbon_R,0.6985110367747484,-0.021699251580293365
rendimiento_proxy_batch,carbon_total_R,2709.7397254359253,-0.12037775992995418
rendimiento_proxy_batch,carbon_total_R,2740.1762805734666,0.012015299750683368
rendimiento_proxy_batch,carbon_total_R,2770.6128357110074,0.012015299750683368
rendimiento_proxy_batch,carbon_total_R,2801.0493908485487,-0.7412550125045968
rendimiento_proxy_batch,carbon_total_R,2831.4859459860895,-0.262198447545757
rendimiento_proxy_batch,carbon_total_R,2861.922501123631,-0.10996918150232275
rendimiento_proxy_batch,carbon_total_R,2892.3590562611716,-0.10996918150232275
rendimiento_proxy_batch,carbon_total_R,2922.795611398713,-0.10996918150232275
rendimiento_proxy_batch,carbon_total_R,2953.232166536254,-0.10996918150232275
rendimiento_proxy_batch,carbon_total_R,2983.668721673795,-0.10996918150232275
rendimiento_proxy_batch,carbon_total_R,3014.1052768113364,-0.008667935966439064
rendimiento_proxy_batch,carbon_total_R,3044.541831948877,-0.008667935966439064
rendimiento_proxy_batch,carbon_total_R,3074.9783870864185,-0.008667935966439064
rendimiento_proxy_batch,carbon_total_R,3105.4149422239598,-0.008667935966439064
rendimiento_proxy_batch,carbon_total_R,3135.8514973615006,-0.008667935966439064
rendimiento_proxy_batch,carbon_total_R,3166.288052499042,-0.008667935966439064
rendimiento_proxy_batch,carbon_total_R,3196.7246076365827,-0.008667935966439064
rendimiento_proxy_batch,carbon_total_R,3227.161162774124,0.28292369637298104
rendimiento_proxy_batch,carbon_total_R,3257.5977179116653,2.2016697116136426
rendimiento_proxy_batch,carbon_total_R,3288.034273049206,2.2016697116136426
rendimiento_proxy_batch,C_por_Sn_F,0.2511451331738443,-0.49187520165795884
rendimiento_proxy_batch,C_por_Sn_F,0.25400137932988753,-0.49187520165795884
rendimiento_proxy_batch,C_por_Sn_F,0.2568576254859307,-0.11868990692418575
rendimiento_proxy_batch,C_por_Sn_F,0.25971387164197396,-0.11868990692418575
rendimiento_proxy_batch,C_por_Sn_F,0.2625701177980172,0.3043444970814132
rendimiento_proxy_batch,C_por_Sn_F,0.26542636395406044,0.3330496034759166
rendimiento_proxy_batch,C_por_Sn_F,0.2682826101101036,0.3330496034759166
rendimiento_proxy_batch,C_por_Sn_F,0.27113885626614687,0.3330496034759166
rendimiento_proxy_batch,C_por_Sn_F,0.2739951024221901,0.3330496034759166
rendimiento_proxy_batch,C_por_Sn_F,0.27685134857823335,0.3330496034759166
rendimiento_proxy_batch,C_por_Sn_F,0.27970759473427653,0.3330496034759166
rendimiento_proxy_batch,C_por_Sn_F,0.2825638408903198,0.4835348349130727
rendimiento_proxy_batch,C_por_Sn_F,0.285420087046363,0.280306804570307
rendimiento_proxy_batch,C_por_Sn_F,0.2882763332024062,0.280306804570307
rendimiento_proxy_batch,C_por_Sn_F,0.29113257935844944,0.280306804570307
rendimiento_proxy_batch,C_por_Sn_F,0.2939888255144927,-0.6893358173535544
rendimiento_proxy_batch,C_por_Sn_F,0.2968450716705359,-0.8832231246598796
rendimiento_proxy_batch,C_por_Sn_F,0.29970131782657916,-0.8832231246598796
rendimiento_proxy_batch,C_por_Sn_F,0.30255756398262235,-0.8832231246598796
rendimiento_proxy_batch,C_por_Sn_F,0.3054138101386656,-0.8832231246598796
